ticker,DropDate,Close,PctChange,up_10.0%_from_drop_date,price_at_up,Days_to_be_up_10.0%_from_drop
AAL,2020-02-28,19.05,-22.43%,2021-02-24,21.81999969482422,362
AAL,2020-03-02,18.86,-25.08%,2021-02-24,21.81999969482422,359
AAL,2020-03-03,17.85,-25.94%,2020-06-08,20.309999465942383,97
AAL,2020-03-04,18.53,-25.41%,2021-02-22,20.440000534057617,355
AAL,2020-03-05,16.04,-24.28%,2020-06-05,18.59000015258789,92
AAL,2020-03-06,15.97,-21.06%,2020-06-05,18.59000015258789,91
AAL,2020-03-09,14.75,-20.01%,2020-03-10,17.0,1
AAL,2020-03-23,10.25,-24.42%,2020-03-24,13.920000076293945,1
AAL,2020-03-24,13.92,-25.2%,2020-03-25,15.390000343322754,1
AAL,2020-04-03,9.39,-21.2%,2020-04-08,11.329999923706055,5
AAL,2020-04-06,9.5,-27.27%,2020-04-08,11.329999923706055,2
AAL,2020-04-07,10.22,-28.29%,2020-04-08,11.329999923706055,1
AAL,2020-04-08,11.33,-22.1%,2020-04-09,12.510000228881836,1
AAP,2020-03-18,79.1,-21.5%,2020-04-07,88.88558197021484,20
AAP,2020-03-19,76.85,-22.94%,2020-03-26,86.81181335449219,7
AAP,2020-03-20,67.07,-27.42%,2020-03-24,77.21173858642578,4
AAP,2020-03-23,70.17,-25.87%,2020-03-24,77.21173858642578,1
AAP,2020-03-24,77.21,-23.61%,2020-03-26,86.81181335449219,2
AAP,2023-06-02,64.65,-25.44%,2023-07-31,71.43842315673828,59
AAP,2023-06-05,62.77,-32.85%,2023-07-19,69.56580352783203,44
AAP,2023-06-06,63.22,-40.11%,2023-07-19,69.56580352783203,43
AAP,2023-06-07,62.72,-36.5%,2023-07-19,69.56580352783203,42
AAP,2023-06-08,61.95,-30.91%,2023-07-19,69.56580352783203,41
AAP,2023-06-09,60.84,-24.79%,2023-06-14,67.17646026611328,5
ADBE,2022-09-21,286.3,-22.6%,2022-10-24,316.2200012207031,33
ADBE,2022-09-22,287.06,-20.66%,2022-10-24,316.2200012207031,32
ADM,2024-01-25,48.13,-20.12%,2024-02-01,53.170135498046875,7
ADM,2024-01-26,48.76,-24.51%,2024-03-12,53.96611404418945,46
AES,2020-03-13,10.66,-20.57%,2020-04-09,12.072789192199707,27
AES,2020-03-16,9.01,-21.41%,2020-03-24,10.383255958557129,8
AES,2020-03-17,9.48,-23.75%,2020-03-25,10.514480590820312,8
AES,2020-03-18,7.84,-26.08%,2020-03-19,9.01358413696289,1
AES,2020-03-19,9.01,-23.1%,2020-03-24,10.383255958557129,5
AES,2020-03-20,9.74,-20.48%,2020-03-26,11.072192192077637,6
AFL,2020-03-17,26.39,-20.39%,2020-03-25,32.14973068237305,8
AFL,2020-03-18,22.12,-23.25%,2020-03-24,25.479951858520508,6
AFL,2020-03-19,23.55,-21.48%,2020-03-25,32.14973068237305,6
AFL,2020-03-20,23.4,-23.25%,2020-03-25,32.14973068237305,5
AFL,2020-03-23,22.49,-21.32%,2020-03-24,25.479951858520508,1
AIG,2020-03-12,22.08,-21.88%,2020-03-13,24.821819305419922,1
AIG,2020-03-13,24.82,-24.6%,2020-05-27,27.44334602355957,75
AIG,2020-03-16,20.25,-25.47%,2020-03-25,22.400596618652344,9
AIG,2020-03-17,19.38,-29.58%,2020-03-25,22.400596618652344,8
AIG,2020-03-18,16.36,-33.1%,2020-03-24,19.97067642211914,6
AIG,2020-03-19,17.94,-29.92%,2020-03-24,19.97067642211914,5
AIG,2020-03-20,16.75,-31.91%,2020-03-24,19.97067642211914,4
AIG,2020-03-23,16.81,-30.33%,2020-03-24,19.97067642211914,1
AIG,2020-03-24,19.97,-23.24%,2020-03-25,22.400596618652344,1
AIV,2020-03-18,2.82,-20.29%,2020-03-27,3.16060209274292,9
AIV,2020-03-19,2.82,-22.99%,2020-03-27,3.16060209274292,8
AIV,2020-03-20,2.56,-29.4%,2020-03-26,2.9826033115386963,6
AIV,2020-03-23,2.29,-30.29%,2020-03-25,2.75671648979187,2
AIV,2020-03-24,2.38,-31.63%,2020-03-25,2.75671648979187,1
AIV,2020-03-25,2.76,-26.75%,2020-03-27,3.16060209274292,2
AIV,2020-03-26,2.98,-20.88%,2020-04-08,3.3015544414520264,13
AKAM,2025-02-27,77.87,-21.6%,2025-03-07,87.5199966430664,8
ALB,2025-04-10,54.06,-20.36%,2025-05-02,59.58583450317383,22
ALGN,2020-03-18,145.76,-22.69%,2020-03-24,165.27999877929688,6
ALGN,2020-03-19,142.23,-22.58%,2020-03-24,165.27999877929688,5
ALGN,2020-03-20,144.82,-25.35%,2020-03-24,165.27999877929688,4
ALGN,2020-03-23,137.72,-23.58%,2020-03-24,165.27999877929688,1
ALGN,2023-10-31,184.59,-25.1%,2023-11-15,205.05999755859375,15
ALGN,2023-11-01,183.21,-29.36%,2023-11-14,202.72000122070312,13
ALGN,2023-11-02,192.32,-24.69%,2023-11-20,215.24000549316406,18
ALK,2020-03-18,25.13,-27.24%,2020-03-24,28.90999984741211,6
ALK,2020-03-19,24.18,-29.47%,2020-03-24,28.90999984741211,5
ALK,2020-03-20,23.56,-33.91%,2020-03-24,28.90999984741211,4
ALK,2020-03-23,24.03,-34.64%,2020-03-24,28.90999984741211,1
ALK,2020-03-24,28.91,-31.55%,2020-03-26,32.4900016784668,2
ALK,2020-03-25,29.84,-20.03%,2020-04-29,34.0,35
AMAT,2020-03-18,37.21,-20.56%,2020-03-24,42.870975494384766,6
AMAT,2020-03-20,36.08,-21.03%,2020-03-24,42.870975494384766,4
AMCR,2020-03-16,4.69,-22.41%,2020-03-19,5.860325813293457,3
AMCR,2020-03-17,4.91,-27.28%,2020-03-19,5.860325813293457,2
AMCR,2020-03-18,5.04,-27.97%,2020-03-19,5.860325813293457,1
AMCR,2020-03-19,5.86,-21.6%,2020-03-30,6.530753135681152,11
AMP,2020-03-12,84.09,-21.57%,2020-03-13,103.12640380859375,1
AMP,2020-03-13,103.13,-21.81%,2020-05-08,114.29071044921875,56
AMP,2020-03-16,78.56,-20.31%,2020-03-17,89.11418151855469,1
AMP,2020-03-17,89.11,-21.0%,2020-03-26,100.8790054321289,9
AMTM,2024-11-19,21.94,-21.16%,2024-11-21,24.760000228881836,2
AMTM,2024-11-20,22.41,-25.04%,2024-11-21,24.760000228881836,1
APA,2020-03-10,9.49,-27.55%,2020-04-29,11.506328582763672,50
APA,2020-03-11,7.25,-41.39%,2020-04-22,8.305718421936035,42
APA,2020-03-12,6.82,-54.32%,2020-04-21,7.556262493133545,40
APA,2020-03-13,7.09,-63.19%,2020-04-22,8.305718421936035,40
APA,2020-03-16,4.8,-61.48%,2020-04-07,5.731808662414551,22
APA,2020-03-17,3.92,-62.44%,2020-03-19,4.351602077484131,2
APA,2020-03-18,3.9,-59.0%,2020-03-19,4.351602077484131,1
APA,2020-03-19,4.35,-52.01%,2020-03-24,4.905442714691162,5
APA,2020-03-20,4.25,-45.66%,2020-03-24,4.905442714691162,4
APA,2020-03-23,3.79,-43.0%,2020-03-24,4.905442714691162,1
APA,2020-03-24,4.91,-29.09%,2020-04-07,5.731808662414551,14
APA,2025-04-08,13.62,-21.09%,2025-04-09,16.21950912475586,1
APA,2025-04-09,16.22,-25.49%,2025-05-13,18.211881637573242,34
APA,2025-04-10,14.17,-26.04%,2025-04-17,15.637123107910156,7
APA,2025-04-11,14.6,-21.77%,2025-04-25,16.1302433013916,14
APTV,2020-03-17,48.31,-22.95%,2020-03-26,55.279998779296875,9
APTV,2020-03-18,33.55,-28.84%,2020-03-19,40.58000183105469,1
APTV,2020-03-19,40.58,-30.36%,2020-03-20,45.16999816894531,1
APTV,2020-03-20,45.17,-34.68%,2020-03-25,50.72999954223633,5
APTV,2020-03-23,46.5,-32.47%,2020-03-26,55.279998779296875,3
APTV,2020-03-24,49.52,-26.39%,2020-03-26,55.279998779296875,2
AVB,2020-03-20,107.76,-20.46%,2020-03-26,123.67716217041016,6
AVB,2020-03-23,99.13,-22.11%,2020-03-25,115.2605972290039,2
AVB,2020-03-24,104.36,-25.7%,2020-03-25,115.2605972290039,1
AVB,2020-03-25,115.26,-23.63%,2020-03-27,131.2176513671875,2
AVGO,2020-03-18,14.47,-22.47%,2020-03-19,16.760751724243164,1
AVGO,2020-03-19,16.76,-20.98%,2020-03-24,18.650712966918945,5
AVGO,2020-03-20,16.85,-21.88%,2020-03-24,18.650712966918945,4
AXON,2025-02-25,496.65,-22.04%,2025-02-26,572.4000244140625,1
AXON,2025-02-26,572.4,-20.89%,2025-05-08,686.8300170898438,71
AZO,2020-03-20,728.13,-22.7%,2020-03-24,808.4299926757812,4
AZO,2020-03-23,723.22,-21.23%,2020-03-24,808.4299926757812,1
BA,2020-03-12,154.84,-23.34%,2020-03-26,180.5500030517578,14
BA,2020-03-13,170.2,-29.32%,2020-06-05,205.42999267578125,84
BA,2020-03-16,129.61,-33.41%,2020-03-25,158.72999572753906,9
BA,2020-03-17,124.14,-39.25%,2020-03-25,158.72999572753906,8
BA,2020-03-18,101.89,-41.82%,2020-03-24,127.68000030517578,6
BA,2020-03-19,97.71,-41.42%,2020-03-24,127.68000030517578,5
BA,2020-03-20,95.01,-43.6%,2020-03-23,105.62000274658203,3
BA,2020-03-23,105.62,-40.05%,2020-03-24,127.68000030517578,1
BA,2020-03-24,127.68,-31.25%,2020-03-25,158.72999572753906,1
BALL,2022-08-10,54.91,-21.87%,2024-02-14,60.54273986816406,553
BAX,2025-08-06,22.34,-22.25%,2025-08-29,24.690000534057617,23
BIIB,2020-11-13,248.59,-20.05%,2021-01-14,280.2900085449219,62
BKR,2020-03-12,9.14,-21.75%,2020-03-13,10.879252433776855,1
BKR,2020-03-13,10.88,-25.73%,2020-04-28,12.135536193847656,46
BKR,2020-03-16,9.92,-22.48%,2020-04-08,11.024535179138184,23
BKR,2020-03-17,9.61,-22.96%,2020-03-26,10.597230911254883,9
BKR,2020-03-18,8.29,-22.25%,2020-03-24,9.614422798156738,6
BXP,2020-03-19,64.15,-20.24%,2020-04-08,75.68718719482422,20
BXP,2020-03-20,61.47,-24.0%,2020-03-25,68.11235809326172,5
BXP,2020-03-23,58.42,-23.88%,2020-03-24,65.6610107421875,1
BXP,2020-03-24,65.66,-23.82%,2020-04-08,75.68718719482422,15
C,2020-03-13,41.56,-22.4%,2020-06-04,45.79014587402344,83
C,2020-03-16,33.54,-21.62%,2020-03-26,37.468666076660156,10
C,2020-03-17,32.77,-24.27%,2020-03-26,37.468666076660156,9
C,2020-03-18,29.66,-24.9%,2020-03-24,33.104637145996094,6
C,2020-03-19,32.27,-20.49%,2020-03-26,37.468666076660156,7
C,2020-03-20,30.99,-22.41%,2020-03-26,37.468666076660156,6
C,2020-03-23,28.81,-21.54%,2020-03-24,33.104637145996094,1
CB,2020-03-18,90.69,-20.88%,2020-03-26,99.98836517333984,8
CB,2020-03-19,90.2,-20.16%,2020-03-26,99.98836517333984,7
CB,2020-03-20,92.98,-20.35%,2020-03-30,104.40095520019531,10
CBOE,2020-03-18,70.23,-22.5%,2020-03-26,84.08816528320312,8
CBOE,2020-03-19,76.76,-21.23%,2020-03-30,86.13436126708984,11
CBOE,2020-03-20,73.78,-20.8%,2020-03-26,84.08816528320312,6
CBRE,2020-03-17,36.28,-20.94%,2020-03-26,40.650001525878906,9
CBRE,2020-03-18,35.52,-23.48%,2020-03-19,39.439998626708984,1
CBRE,2020-03-19,39.44,-21.77%,2020-04-08,45.2599983215332,20
CBRE,2020-03-20,34.26,-24.13%,2020-03-26,40.650001525878906,6
CBRE,2020-03-23,29.83,-24.3%,2020-03-24,33.86000061035156,1
CCL,2020-03-11,21.75,-24.67%,2020-06-08,24.90999984741211,89
CCL,2020-03-12,14.97,-30.91%,2020-03-13,17.579999923706055,1
CCL,2020-03-13,17.58,-34.33%,2020-06-05,21.510000228881836,84
CCL,2020-03-16,14.57,-34.14%,2020-03-26,17.81999969482422,10
CCL,2020-03-17,12.71,-38.77%,2020-03-25,15.550000190734863,8
CCL,2020-03-18,9.3,-43.58%,2020-03-20,12.0,2
CCL,2020-03-19,10.0,-41.48%,2020-03-20,12.0,1
CCL,2020-03-20,12.0,-41.46%,2020-03-24,13.680000305175781,4
CCL,2020-03-23,12.0,-39.7%,2020-03-24,13.680000305175781,1
CCL,2020-03-24,13.68,-30.15%,2020-03-25,15.550000190734863,1
CCL,2020-04-03,8.49,-30.26%,2020-04-06,10.210000038146973,3
CCL,2020-04-06,10.21,-34.5%,2020-04-07,11.300000190734863,1
CCL,2020-04-07,11.3,-36.58%,2020-04-14,12.510000228881836,7
CCL,2020-04-08,11.99,-25.43%,2020-04-28,14.460000038146973,20
CCL,2022-06-15,9.84,-23.33%,2022-06-24,10.850000381469727,9
CCL,2022-06-16,8.75,-25.15%,2022-06-23,9.649999618530273,7
CCL,2022-06-17,9.6,-24.53%,2022-06-24,10.850000381469727,7
CCL,2022-06-21,9.57,-20.4%,2022-06-24,10.850000381469727,3
CCL,2022-10-06,6.98,-21.73%,2022-10-18,8.079999923706055,12
CF,2020-03-12,21.36,-20.25%,2020-03-13,24.209205627441406,1
CF,2020-03-13,24.21,-25.06%,2020-04-09,27.121660232543945,27
CF,2020-03-16,20.99,-26.09%,2020-03-25,23.63197135925293,9
CF,2020-03-17,21.12,-26.72%,2020-03-25,23.63197135925293,8
CF,2020-03-18,18.49,-26.46%,2020-03-24,22.407514572143555,6
CF,2020-03-19,20.1,-20.83%,2020-03-24,22.407514572143555,5
CFG,2020-03-12,16.53,-23.41%,2020-03-13,18.40946388244629,1
CFG,2020-03-13,18.41,-24.37%,2020-05-27,20.2951717376709,75
CFG,2020-03-16,14.4,-21.76%,2020-03-26,16.121896743774414,10
CFG,2020-03-17,14.87,-23.08%,2020-04-09,17.20343780517578,23
CFG,2020-03-18,11.92,-24.3%,2020-03-19,13.515318870544434,1
CFG,2020-03-19,13.52,-22.17%,2020-03-26,16.121896743774414,7
CFG,2020-03-20,13.63,-24.56%,2020-03-26,16.121896743774414,6
CFG,2020-03-23,12.35,-24.05%,2020-03-24,13.84989070892334,1
CFG,2020-03-24,13.85,-20.77%,2020-03-26,16.121896743774414,2
CHTR,2024-02-08,282.6,-21.64%,2024-07-12,311.0400085449219,155
CHTR,2024-02-09,291.15,-20.69%,2024-07-15,324.5899963378906,157
CINF,2020-05-06,46.02,-21.56%,2020-05-26,51.325904846191406,20
CINF,2020-05-07,47.66,-21.8%,2020-05-27,53.197330474853516,20
CMA,2020-03-11,28.5,-21.53%,2020-06-04,32.7327995300293,85
CMA,2020-03-12,26.67,-23.89%,2020-03-13,29.50529670715332,1
CMA,2020-03-13,29.51,-23.68%,2020-06-04,32.7327995300293,83
CMA,2023-03-14,38.08,-20.13%,2023-03-21,42.56733703613281,7
CMA,2023-03-15,39.24,-25.71%,2023-07-18,44.49909973144531,125
CMA,2023-03-16,41.67,-28.34%,2023-07-19,46.047367095947266,125
CMA,2023-03-17,38.16,-30.47%,2023-03-21,42.56733703613281,4
CMA,2023-03-20,39.01,-23.31%,2023-07-13,43.07541275024414,115
CME,2020-03-18,115.53,-22.16%,2020-03-20,128.00328063964844,2
CME,2020-03-19,125.43,-20.07%,2020-03-26,141.27952575683594,7
CNC,2025-07-07,33.05,-21.4%,2025-10-02,36.81999969482422,87
CNC,2025-07-08,32.6,-29.7%,2025-10-02,36.81999969482422,86
CNC,2025-07-09,33.09,-39.03%,2025-10-02,36.81999969482422,85
CNC,2025-07-10,32.52,-34.76%,2025-10-02,36.81999969482422,84
CNC,2025-07-11,31.44,-29.87%,2025-09-24,34.650001525878906,75
CNC,2025-07-14,30.64,-24.06%,2025-09-11,34.08000183105469,59
CNP,2020-03-12,12.85,-21.95%,2020-04-08,14.536431312561035,27
CNP,2020-03-13,13.44,-26.17%,2020-04-09,15.392023086547852,27
CNP,2020-03-16,10.79,-27.39%,2020-03-17,12.661042213439941,1
CNP,2020-03-17,12.66,-28.22%,2020-03-27,14.087027549743652,10
CNP,2020-03-18,10.78,-29.0%,2020-03-25,13.075874328613281,7
CNP,2020-03-19,10.57,-25.81%,2020-03-24,11.779523849487305,5
CNP,2020-03-20,10.79,-24.18%,2020-03-25,13.075874328613281,5
COF,2020-03-17,49.01,-22.26%,2020-04-09,54.63990020751953,23
COF,2020-03-18,40.27,-25.65%,2020-03-24,46.27711486816406,6
COF,2020-03-19,42.05,-26.03%,2020-03-24,46.27711486816406,5
COF,2020-03-20,40.91,-31.83%,2020-03-24,46.27711486816406,4
COF,2020-03-23,38.97,-32.0%,2020-03-24,46.27711486816406,1
COF,2020-03-24,46.28,-27.71%,2020-03-26,52.603736877441406,2
COP,2020-03-12,23.02,-27.94%,2020-03-13,25.61166000366211,1
COP,2020-03-13,25.61,-32.83%,2020-04-08,29.121217727661133,26
COP,2020-03-16,21.29,-31.85%,2020-03-24,25.08930015563965,8
COP,2020-03-17,21.42,-31.66%,2020-03-24,25.08930015563965,7
COP,2020-03-18,18.5,-30.82%,2020-03-19,20.88597869873047,1
COP,2020-03-19,20.89,-24.61%,2020-03-24,25.08930015563965,5
COP,2020-03-20,21.91,-20.9%,2020-03-24,25.08930015563965,4
COTY,2020-03-17,5.45,-22.43%,2020-03-26,6.679999828338623,9
COTY,2020-03-18,3.74,-28.18%,2020-03-20,4.480000019073486,2
COTY,2020-03-19,4.02,-29.25%,2020-03-20,4.480000019073486,1
COTY,2020-03-20,4.48,-36.52%,2020-03-23,5.150000095367432,3
COTY,2020-03-23,5.15,-35.55%,2020-03-26,6.679999828338623,3
COTY,2020-03-24,5.1,-31.6%,2020-03-26,6.679999828338623,2
COTY,2020-05-15,3.29,-24.08%,2020-05-22,3.75,7
COTY,2020-05-18,3.42,-27.85%,2020-05-26,4.28000020980835,8
COTY,2020-05-19,3.25,-29.63%,2020-05-22,3.75,3
COTY,2020-05-20,3.28,-27.51%,2020-05-22,3.75,2
COTY,2020-05-21,3.33,-22.32%,2020-05-22,3.75,1
CPRI,2020-03-12,14.34,-21.72%,2020-04-29,16.559999465942383,48
CPRI,2020-03-13,13.93,-27.28%,2020-04-29,16.559999465942383,47
CPRI,2020-03-16,9.66,-33.1%,2020-03-24,11.109999656677246,8
CPRI,2020-03-17,8.15,-42.31%,2020-03-19,10.020000457763672,2
CPRI,2020-03-18,7.52,-49.53%,2020-03-19,10.020000457763672,1
CPRI,2020-03-19,10.02,-49.29%,2020-03-24,11.109999656677246,5
CPRI,2020-03-20,9.87,-48.72%,2020-03-24,11.109999656677246,4
CPRI,2020-03-23,9.22,-42.32%,2020-03-24,11.109999656677246,1
CPRI,2020-03-24,11.11,-26.45%,2020-03-25,12.890000343322754,1
CPRI,2020-04-06,10.74,-21.97%,2020-04-07,12.789999961853027,1
CRL,2025-04-16,104.25,-23.44%,2025-04-24,115.76000213623047,8
CRWD,2024-07-24,258.14,-21.93%,2024-09-20,299.8500061035156,58
CRWD,2024-07-25,254.15,-25.65%,2024-09-20,299.8500061035156,57
CRWD,2024-07-26,256.16,-25.62%,2024-09-20,299.8500061035156,56
CRWD,2024-07-29,258.81,-20.77%,2024-09-20,299.8500061035156,53
CTAS,2020-03-20,41.48,-23.51%,2020-04-09,47.07857894897461,20
CTAS,2020-03-23,37.21,-24.22%,2020-03-24,41.170658111572266,1
CTAS,2020-03-24,41.17,-23.37%,2020-03-25,45.560150146484375,1
CVX,2020-03-20,46.49,-23.54%,2020-03-24,52.09444808959961,4
CVX,2020-03-23,42.44,-25.33%,2020-03-24,52.09444808959961,1
CVX,2020-03-24,52.09,-23.62%,2020-03-26,59.78922653198242,2
CZR,2022-05-12,49.83,-21.04%,2022-05-13,54.9900016784668,1
DAL,2020-03-17,30.97,-20.18%,2020-06-08,36.07579803466797,83
DAL,2020-03-18,22.92,-26.71%,2020-03-24,26.239599227905273,6
DAL,2020-03-19,20.99,-28.57%,2020-03-24,26.239599227905273,5
DAL,2020-03-20,20.83,-34.28%,2020-03-24,26.239599227905273,4
DAL,2020-03-23,21.68,-38.62%,2020-03-24,26.239599227905273,1
DAL,2020-03-24,26.24,-36.66%,2020-03-25,30.3477725982666,1
DAL,2020-03-25,30.35,-24.55%,2020-06-08,36.07579803466797,75
DAL,2020-04-07,21.71,-24.04%,2020-04-14,23.946443557739258,7
DAL,2020-04-08,22.67,-20.63%,2020-04-29,26.659204483032227,21
DD,2025-04-10,57.01,-20.45%,2025-04-24,65.31065368652344,14
DG,2023-06-07,148.25,-21.81%,2023-06-22,164.14749145507812,15
DG,2024-09-04,78.97,-26.5%,2025-03-31,86.92300415039062,208
DG,2024-09-05,78.32,-33.52%,2025-03-27,86.53746795654297,203
DG,2024-09-06,80.43,-29.28%,2025-04-02,89.16700744628906,208
DG,2024-09-09,78.87,-24.33%,2025-03-31,86.92300415039062,203
DHI,2020-03-13,37.17,-20.05%,2020-04-28,44.38484573364258,46
DHI,2020-03-16,29.65,-24.86%,2020-03-25,35.021751403808594,9
DHI,2020-03-17,29.54,-30.89%,2020-03-25,35.021751403808594,8
DHI,2020-03-18,27.22,-33.96%,2020-03-24,31.106285095214844,6
DHI,2020-03-19,28.38,-32.98%,2020-03-25,35.021751403808594,6
DHI,2020-03-20,29.68,-31.88%,2020-03-25,35.021751403808594,5
DHI,2020-03-23,27.96,-26.89%,2020-03-24,31.106285095214844,1
DLTR,2024-09-05,68.47,-20.44%,2024-09-18,75.66999816894531,13
DLTR,2024-09-06,66.5,-22.11%,2024-09-17,73.5,11
DLTR,2024-09-09,67.42,-23.72%,2024-09-18,75.66999816894531,9
DLTR,2024-09-10,65.39,-24.83%,2024-09-17,73.5,7
DOV,2020-03-20,61.35,-21.94%,2020-03-24,69.33992767333984,4
DOV,2020-03-23,60.65,-21.2%,2020-03-24,69.33992767333984,1
DOW,2020-03-12,17.49,-25.36%,2020-03-17,19.650379180908203,5
DOW,2020-03-13,18.98,-31.38%,2020-03-24,21.031818389892578,11
DOW,2020-03-16,16.25,-31.93%,2020-03-17,19.650379180908203,1
DOW,2020-03-17,19.65,-31.14%,2020-03-25,22.44280242919922,8
DOW,2020-03-18,19.53,-26.39%,2020-03-25,22.44280242919922,7
DRI,2020-03-12,50.79,-20.45%,2020-03-13,56.0680046081543,1
DRI,2020-03-13,56.07,-23.76%,2020-04-27,62.14518737792969,45
DRI,2020-03-16,42.24,-26.45%,2020-03-25,50.17108154296875,9
DRI,2020-03-17,35.99,-33.71%,2020-03-24,46.25696563720703,7
DRI,2020-03-18,29.32,-38.53%,2020-03-19,36.41158676147461,1
DRI,2020-03-19,36.41,-38.28%,2020-03-24,46.25696563720703,5
DRI,2020-03-20,33.48,-41.72%,2020-03-24,46.25696563720703,4
DRI,2020-03-23,35.22,-39.19%,2020-03-24,46.25696563720703,1
DRI,2020-03-24,46.26,-26.36%,2020-03-26,51.98221206665039,2
DVA,2022-11-03,68.54,-25.83%,2023-01-04,77.1500015258789,62
DVA,2022-11-04,70.38,-22.69%,2023-01-05,78.5,62
DVN,2020-02-27,11.46,-20.18%,2020-12-04,12.895261764526367,281
DVN,2020-02-28,11.87,-22.77%,2021-01-05,13.483272552490234,312
DVN,2020-03-02,11.93,-22.82%,2021-01-05,13.483272552490234,309
DVN,2020-03-03,11.55,-21.47%,2020-12-04,12.895261764526367,276
DVN,2020-03-10,6.59,-22.01%,2020-04-23,7.8125834465026855,44
DVN,2020-03-11,6.15,-31.34%,2020-04-08,6.955193996429443,28
DVN,2020-03-12,5.37,-42.26%,2020-03-13,6.430413722991943,1
DVN,2020-03-13,6.43,-46.02%,2020-04-09,7.147368907928467,27
DVN,2020-03-16,5.6,-40.9%,2020-04-03,6.193893909454346,18
DVN,2020-03-17,4.77,-38.48%,2020-03-24,5.476938724517822,7
DVN,2020-03-18,4.0,-35.05%,2020-03-19,4.841289043426514,1
DVN,2020-03-19,4.84,-24.6%,2020-03-24,5.476938724517822,5
DVN,2020-03-20,4.49,-22.69%,2020-03-24,5.476938724517822,4
DVN,2020-03-23,4.57,-24.76%,2020-03-24,5.476938724517822,1
DVN,2025-04-09,30.64,-20.15%,2025-05-13,33.815250396728516,34
DVN,2025-04-10,27.37,-21.48%,2025-04-22,30.768030166625977,12
DXC,2020-03-10,16.11,-21.71%,2020-04-28,17.979999542236328,49
DXC,2020-03-11,16.11,-24.79%,2020-04-28,17.979999542236328,48
DXC,2020-03-12,13.17,-27.93%,2020-03-13,14.846697807312012,1
DXC,2020-03-13,14.85,-28.15%,2020-04-27,16.8700008392334,45
DXC,2020-03-16,10.64,-27.12%,2020-03-19,12.228423118591309,3
DXC,2020-03-17,9.81,-29.48%,2020-03-19,12.228423118591309,2
DXC,2020-03-18,9.13,-32.86%,2020-03-19,12.228423118591309,1
DXC,2020-03-19,12.23,-28.64%,2020-03-24,14.989999771118164,5
DXC,2020-03-20,11.44,-29.54%,2020-03-24,14.989999771118164,4
DXC,2020-03-23,10.63,-24.89%,2020-03-24,14.989999771118164,1
DXC,2023-08-08,20.04,-24.76%,2023-10-10,22.200000762939453,63
DXC,2023-08-09,20.08,-29.11%,2023-10-10,22.200000762939453,62
DXC,2023-08-10,20.26,-23.32%,2023-10-11,22.440000534057617,62
DXCM,2024-07-30,69.7,-24.93%,2024-08-19,77.69000244140625,20
DXCM,2024-07-31,67.82,-32.47%,2024-08-06,75.25,6
DXCM,2024-08-01,70.32,-38.89%,2024-08-19,77.69000244140625,18
DXCM,2024-08-02,72.3,-31.51%,2024-12-03,80.91000366210938,123
DXCM,2024-08-05,72.43,-23.92%,2024-12-03,80.91000366210938,120
EIX,2020-03-17,39.93,-20.9%,2020-03-26,44.88637161254883,9
EIX,2020-03-18,38.13,-21.67%,2020-03-26,44.88637161254883,8
EL,2024-11-06,62.12,-24.83%,2024-11-22,68.64926147460938,16
EL,2024-11-07,65.1,-21.94%,2024-11-25,71.63359069824219,18
EL,2025-02-10,67.77,-20.03%,2025-06-20,74.90311431884766,130
EMN,2020-03-13,38.42,-21.53%,2020-04-07,43.86286163330078,25
EMN,2020-03-16,33.19,-21.3%,2020-03-25,38.64444351196289,9
EMN,2020-03-17,33.82,-22.39%,2020-03-25,38.64444351196289,8
EMN,2020-03-18,32.04,-21.02%,2020-03-25,38.64444351196289,7
EMR,2020-03-13,44.51,-21.85%,2020-04-27,49.545379638671875,45
ENPH,2023-05-01,160.59,-22.37%,2023-06-01,181.47000122070312,31
ENPH,2023-05-02,152.88,-27.93%,2023-05-15,168.7100067138672,13
ENPH,2023-05-03,155.42,-24.6%,2023-05-30,174.1199951171875,27
ENPH,2023-05-04,155.42,-20.9%,2023-05-30,174.1199951171875,26
ENPH,2023-10-25,94.35,-20.41%,2023-12-01,106.5199966430664,37
ENPH,2023-10-26,96.18,-22.48%,2023-12-01,106.5199966430664,36
ENPH,2023-10-27,82.09,-22.06%,2023-11-14,91.38999938964844,18
ENPH,2023-10-30,78.66,-20.92%,2023-11-14,91.38999938964844,15
ENPH,2024-11-12,60.09,-20.96%,2024-11-22,66.29000091552734,10
ENPH,2024-11-13,60.39,-22.96%,2024-11-25,71.91000366210938,12
ENPH,2024-11-14,63.56,-22.77%,2024-11-25,71.91000366210938,11
ENPH,2024-11-15,59.52,-21.37%,2024-11-22,66.29000091552734,7
ENPH,2025-05-29,39.24,-20.05%,2025-06-03,43.75,5
ENPH,2025-06-24,38.38,-20.52%,2025-06-26,43.0,2
EOG,2020-03-11,30.01,-24.76%,2020-04-08,34.97239685058594,28
EOG,2020-03-12,25.1,-34.54%,2020-03-24,30.733091354370117,12
EOG,2020-03-13,26.87,-39.53%,2020-03-24,30.733091354370117,11
EOG,2020-03-16,24.02,-36.41%,2020-03-20,26.941638946533203,4
EOG,2020-03-17,23.85,-35.44%,2020-03-20,26.941638946533203,3
EOG,2020-03-18,22.98,-32.39%,2020-03-19,25.652088165283203,1
EOG,2020-03-19,25.65,-22.39%,2020-03-24,30.733091354370117,5
EPAM,2022-03-01,211.21,-28.0%,2022-03-02,245.1699981689453,1
EPAM,2022-03-02,245.17,-34.47%,2022-03-16,281.7200012207031,14
EPAM,2022-03-03,212.98,-40.38%,2022-03-16,281.7200012207031,13
EPAM,2022-03-04,198.52,-47.63%,2022-03-14,220.0,10
EPAM,2022-03-07,174.8,-42.66%,2022-03-09,198.41000366210938,2
EPAM,2022-03-08,186.75,-36.44%,2022-03-14,220.0,6
EPAM,2022-03-09,198.41,-32.01%,2022-03-14,220.0,5
EPAM,2022-03-10,188.76,-24.79%,2022-03-14,220.0,4
EPAM,2024-05-15,190.48,-23.82%,2024-07-17,211.30999755859375,63
ESS,2020-03-20,160.23,-22.89%,2020-03-26,178.48382568359375,6
ESS,2020-03-23,148.72,-22.78%,2020-03-25,163.85096740722656,2
ESS,2020-03-24,153.44,-23.03%,2020-03-26,178.48382568359375,2
ETR,2020-03-18,35.19,-20.18%,2020-03-26,39.38003158569336,8
ETR,2020-03-20,32.57,-20.71%,2020-03-25,36.2242546081543,5
EW,2024-07-30,63.64,-22.61%,2024-08-21,70.08999633789062,22
EW,2024-07-31,63.05,-28.05%,2024-08-20,69.37999725341797,20
EW,2024-08-01,61.86,-22.91%,2024-08-15,68.12000274658203,14
EXC,2020-03-17,21.06,-20.26%,2020-06-03,23.603715896606445,78
EXC,2020-03-18,19.33,-20.8%,2020-03-26,21.407896041870117,8
EXPE,2020-03-16,54.35,-23.58%,2020-03-25,65.47151947021484,9
EXPE,2020-03-17,53.78,-29.12%,2020-03-25,65.47151947021484,8
EXPE,2020-03-18,45.36,-33.0%,2020-03-23,50.52703857421875,5
EXPE,2020-03-19,48.12,-32.78%,2020-03-24,59.10222625732422,5
EXPE,2020-03-20,48.49,-34.38%,2020-03-24,59.10222625732422,4
EXPE,2020-03-23,50.53,-29.58%,2020-03-24,59.10222625732422,1
EXPE,2020-03-24,59.1,-20.91%,2020-03-25,65.47151947021484,1
EXPE,2022-05-09,126.98,-21.76%,2023-12-07,142.73764038085938,577
EXPE,2022-05-10,131.5,-21.28%,2023-12-11,147.39784240722656,580
EXPE,2022-05-11,132.37,-20.13%,2023-12-11,147.39784240722656,579
F,2020-03-23,3.08,-20.71%,2020-03-24,3.7992560863494873,1
F,2024-07-31,9.9,-21.57%,2025-07-01,11.199603080749512,335
FANG,2020-03-10,23.49,-27.0%,2020-04-07,26.130630493164062,28
FANG,2020-03-11,20.74,-38.0%,2020-04-02,22.99590492248535,22
FANG,2020-03-12,20.28,-48.51%,2020-04-02,22.99590492248535,21
FANG,2020-03-13,21.52,-53.53%,2020-04-03,25.006563186645508,21
FANG,2020-03-16,18.59,-48.46%,2020-03-26,20.541954040527344,10
FANG,2020-03-17,16.01,-45.31%,2020-03-24,19.093332290649414,7
FANG,2020-03-18,12.32,-40.86%,2020-03-19,14.794954299926758,1
FANG,2020-03-19,14.79,-32.99%,2020-03-24,19.093332290649414,5
FANG,2020-03-20,14.72,-28.77%,2020-03-24,19.093332290649414,4
FANG,2020-03-23,16.12,-29.31%,2020-03-24,19.093332290649414,1
FANG,2020-03-24,19.09,-20.7%,2020-04-02,22.99590492248535,9
FCX,2020-03-13,7.07,-20.6%,2020-04-13,7.795987606048584,31
FCX,2020-03-16,5.86,-20.99%,2020-03-24,6.565536022186279,8
FCX,2020-03-17,6.09,-24.54%,2020-03-25,6.80974817276001,8
FCX,2020-03-18,4.99,-26.89%,2020-03-24,6.565536022186279,6
FCX,2020-03-19,5.39,-25.39%,2020-03-24,6.565536022186279,5
FCX,2020-03-20,5.18,-26.87%,2020-03-24,6.565536022186279,4
FCX,2020-03-23,5.06,-25.28%,2020-03-24,6.565536022186279,1
FDX,2020-03-17,85.85,-20.5%,2020-03-19,100.9636459350586,2
FDX,2022-09-22,144.65,-23.99%,2022-11-11,164.3744659423828,50
FDX,2022-09-23,139.78,-21.48%,2022-11-10,155.37930297851562,48
FE,2020-07-24,23.57,-22.59%,2020-10-21,26.196693420410156,89
FE,2020-07-27,23.41,-28.55%,2020-10-20,25.791553497314453,85
FE,2020-07-28,23.29,-28.72%,2020-10-16,25.67810821533203,80
FE,2020-07-29,22.89,-22.63%,2020-10-08,25.345890045166016,71
FICO,2025-05-27,1503.62,-20.43%,2025-05-29,1685.0,2
FICO,2025-05-28,1619.94,-23.41%,2025-06-10,1785.0,13
FICO,2025-05-29,1685.0,-20.54%,2025-06-23,1881.25,25
FIS,2022-11-08,57.98,-22.78%,2022-11-30,67.15306854248047,22
FIS,2022-11-09,57.11,-26.58%,2022-11-30,67.15306854248047,21
FITB,2020-03-12,12.63,-24.38%,2020-03-13,14.007189750671387,1
FITB,2020-03-13,14.01,-26.78%,2020-04-29,15.894105911254883,47
FITB,2020-03-16,10.96,-25.97%,2020-03-26,13.760892868041992,10
FITB,2020-03-17,11.08,-27.33%,2020-03-26,13.760892868041992,9
FITB,2020-03-18,9.27,-27.85%,2020-03-19,10.384228706359863,1
FITB,2020-03-19,10.38,-24.87%,2020-03-24,11.448872566223145,5
FITB,2020-03-20,10.26,-26.32%,2020-03-24,11.448872566223145,4
FITB,2020-03-23,9.66,-24.31%,2020-03-24,11.448872566223145,1
FITB,2023-03-15,22.69,-20.39%,2023-04-19,25.32493019104004,35
FITB,2023-03-16,23.62,-21.61%,2023-07-19,26.085702896118164,125
FITB,2023-03-17,22.27,-22.11%,2023-04-17,24.692258834838867,31
FLS,2020-03-12,22.47,-24.81%,2020-04-08,25.486652374267578,27
FLS,2020-03-13,22.61,-29.06%,2020-04-08,25.486652374267578,26
FLS,2020-03-16,19.78,-28.69%,2020-04-06,23.21643829345703,21
FLS,2020-03-17,19.75,-29.88%,2020-04-06,23.21643829345703,20
FLS,2020-03-18,17.85,-29.27%,2020-03-25,20.219053268432617,7
FLS,2020-03-19,18.1,-26.51%,2020-03-25,20.219053268432617,6
FLS,2020-03-20,17.96,-24.51%,2020-03-25,20.219053268432617,5
FLS,2020-03-23,16.91,-22.69%,2020-03-24,18.759765625,1
FMC,2025-02-07,33.02,-23.36%,2025-02-18,36.340919494628906,11
FMC,2025-02-10,33.56,-30.18%,2025-03-05,37.71769332885742,23
FMC,2025-02-11,34.85,-35.96%,2025-03-06,38.49211883544922,23
FMC,2025-02-12,35.05,-30.59%,2025-03-07,39.47689437866211,23
FMC,2025-02-13,35.1,-24.06%,2025-03-07,39.47689437866211,22
FRT,2020-03-18,57.32,-21.05%,2020-04-08,63.486148834228516,21
FRT,2020-03-19,59.74,-23.69%,2020-04-09,68.0180435180664,21
FRT,2020-03-20,56.6,-27.89%,2020-04-08,63.486148834228516,19
FRT,2020-03-23,52.73,-27.78%,2020-03-24,60.172237396240234,1
FRT,2020-03-24,60.17,-27.32%,2020-04-09,68.0180435180664,16
FTI,2020-03-10,6.82,-20.63%,2020-12-04,7.508720874786377,269
FTI,2020-03-11,5.75,-27.81%,2020-04-08,6.4412689208984375,28
FTI,2020-03-12,4.75,-36.18%,2020-04-02,5.498109340667725,21
FTI,2020-03-13,5.11,-41.94%,2020-04-06,5.680891990661621,24
FTI,2020-03-16,4.1,-42.25%,2020-03-23,4.606127738952637,7
FTI,2020-03-17,4.42,-43.22%,2020-03-24,5.183723449707031,7
FTI,2020-03-18,3.59,-42.34%,2020-03-19,4.339231967926025,1
FTI,2020-03-19,4.34,-34.67%,2020-03-24,5.183723449707031,5
FTI,2020-03-20,4.51,-27.96%,2020-03-24,5.183723449707031,4
FTNT,2023-08-10,60.56,-23.33%,2024-01-30,66.70999908447266,173
GE,2020-03-12,35.12,-22.33%,2020-03-26,39.44648742675781,14
GE,2020-03-13,38.13,-23.11%,2020-11-09,42.494873046875,241
GE,2020-03-16,32.35,-21.6%,2020-03-25,36.72603225708008,9
GE,2020-03-17,34.39,-21.99%,2020-03-26,39.44648742675781,9
GE,2020-03-18,32.06,-20.83%,2020-03-25,36.72603225708008,7
GEHC,2025-04-09,64.92,-20.95%,2025-05-12,74.07621002197266,33
GEHC,2025-04-10,62.22,-21.48%,2025-04-30,70.29793548583984,20
GL,2020-03-13,68.11,-20.97%,2020-04-09,76.71578216552734,27
GL,2020-03-16,58.94,-20.13%,2020-03-26,68.80001831054688,10
GL,2020-03-17,64.35,-20.4%,2020-04-08,71.76359558105469,22
GL,2024-04-12,58.29,-22.7%,2024-04-18,64.12340545654297,6
GL,2024-04-15,55.06,-31.33%,2024-04-17,62.37727737426758,2
GL,2024-04-16,59.16,-39.6%,2024-04-19,65.83993530273438,3
GL,2024-04-17,62.38,-46.7%,2024-04-23,74.7383041381836,6
GL,2024-04-18,64.12,-36.59%,2024-04-23,74.7383041381836,5
GL,2024-04-19,65.84,-27.5%,2024-04-23,74.7383041381836,4
GM,2020-03-18,16.24,-22.5%,2020-03-24,20.40826416015625,6
GM,2020-03-19,17.12,-22.39%,2020-03-24,20.40826416015625,5
GM,2020-03-20,17.54,-25.16%,2020-03-24,20.40826416015625,4
GM,2020-03-23,17.01,-25.68%,2020-03-24,20.40826416015625,1
GM,2020-03-24,20.41,-20.6%,2020-04-09,23.26019859313965,16
GNRC,2022-10-25,121.29,-22.18%,2023-02-15,135.22999572753906,113
GNRC,2023-08-08,108.34,-26.15%,2023-08-28,119.18000030517578,20
GNRC,2023-08-09,106.75,-23.74%,2023-08-28,119.18000030517578,19
GPC,2020-03-23,43.1,-21.42%,2020-03-24,52.11277389526367,1
GPC,2020-03-24,52.11,-23.7%,2020-03-26,58.82289123535156,2
GPC,2020-03-25,55.51,-20.53%,2020-04-08,62.77357482910156,14
GPN,2020-03-20,113.92,-20.8%,2020-03-24,135.1958770751953,4
GPN,2020-03-23,111.11,-21.31%,2020-03-24,135.1958770751953,1
HAL,2020-03-09,7.43,-23.57%,2020-04-28,8.67531967163086,50
HAL,2020-03-10,7.89,-29.56%,2020-04-29,10.042228698730469,50
HAL,2020-03-11,7.14,-36.32%,2020-04-08,7.973639488220215,28
HAL,2020-03-12,5.85,-44.77%,2020-03-13,6.515602111816406,1
HAL,2020-03-13,6.52,-49.85%,2020-04-06,7.208167552947998,24
HAL,2020-03-16,5.41,-46.51%,2020-03-24,6.041740417480469,8
HAL,2020-03-17,5.6,-44.21%,2020-03-25,6.169317245483398,8
HAL,2020-03-18,4.2,-42.31%,2020-03-23,4.7750701904296875,5
HAL,2020-03-19,4.37,-35.1%,2020-03-24,6.041740417480469,5
HAL,2020-03-20,4.6,-30.54%,2020-03-24,6.041740417480469,4
HAL,2020-03-23,4.78,-28.22%,2020-03-24,6.041740417480469,1
HAL,2020-03-24,6.04,-21.36%,2020-04-02,6.852773189544678,9
HAS,2020-03-16,35.99,-22.62%,2020-03-23,41.73720169067383,7
HAS,2020-03-17,37.62,-26.57%,2020-03-23,41.73720169067383,6
HAS,2020-03-18,37.67,-28.1%,2020-03-23,41.73720169067383,5
HAS,2020-03-19,38.05,-25.51%,2020-03-24,50.781471252441406,5
HAS,2020-03-20,37.1,-24.1%,2020-03-23,41.73720169067383,3
HBAN,2020-03-12,6.38,-22.77%,2020-03-13,7.230017185211182,1
HBAN,2020-03-13,7.23,-23.97%,2020-06-04,8.112592697143555,83
HBAN,2020-03-16,6.42,-21.14%,2020-04-28,7.082052230834961,43
HBAN,2020-03-17,6.49,-20.03%,2020-04-29,7.469475269317627,43
HBAN,2023-03-16,9.79,-21.24%,2023-07-24,10.958661079406738,130
HBAN,2023-03-17,9.22,-23.24%,2023-04-11,10.16851806640625,25
HBI,2020-03-17,8.59,-20.84%,2020-05-26,9.5420503616333,70
HBI,2020-11-11,11.79,-20.66%,2020-11-24,13.519627571105957,13
HCA,2020-03-17,74.13,-23.5%,2020-03-24,83.0185317993164,7
HCA,2020-03-18,65.2,-27.99%,2020-03-19,79.90834045410156,1
HCA,2020-03-19,79.91,-27.83%,2020-03-25,88.61688995361328,6
HCA,2020-03-20,75.12,-29.49%,2020-03-24,83.0185317993164,4
HCA,2020-03-23,75.37,-26.23%,2020-03-24,83.0185317993164,1
HD,2020-03-20,133.34,-22.53%,2020-03-24,161.8781280517578,4
HIG,2020-03-17,29.47,-22.6%,2020-04-07,32.66544723510742,21
HIG,2020-03-18,23.23,-27.58%,2020-03-19,29.65726089477539,1
HIG,2020-03-19,29.66,-26.86%,2020-04-07,32.66544723510742,19
HIG,2020-03-20,27.67,-29.14%,2020-03-24,30.63934898376465,4
HIG,2020-03-23,27.17,-26.03%,2020-03-24,30.63934898376465,1
HII,2024-11-05,188.37,-20.77%,2025-04-11,213.38626098632812,157
HII,2024-11-06,198.09,-24.15%,2025-04-24,219.4790496826172,169
HLT,2020-03-18,56.01,-21.19%,2020-03-23,62.58134460449219,5
HLT,2020-03-19,57.34,-22.85%,2020-03-24,68.56970977783203,5
HLT,2020-03-20,60.87,-24.76%,2020-03-24,68.56970977783203,4
HLT,2020-03-23,62.58,-23.17%,2020-03-25,71.39588928222656,2
HOLX,2020-03-18,29.62,-23.88%,2020-03-26,34.02000045776367,8
HOLX,2020-03-19,31.95,-24.55%,2020-04-06,35.86000061035156,18
HOLX,2020-03-20,31.05,-26.83%,2020-03-30,35.0,10
HOLX,2020-03-23,29.38,-23.98%,2020-03-26,34.02000045776367,3
HON,2020-03-23,92.7,-20.13%,2020-03-24,106.6683349609375,1
HP,2020-03-09,14.19,-22.03%,2020-03-10,16.050020217895508,1
HP,2020-03-10,16.05,-28.1%,2020-06-03,18.213924407958984,85
HP,2020-03-11,15.34,-34.72%,2020-06-02,17.468700408935547,83
HP,2020-03-12,12.23,-41.7%,2020-03-24,13.86556339263916,12
HP,2020-03-13,13.42,-44.49%,2020-04-23,14.823660850524902,41
HP,2020-03-16,11.16,-40.0%,2020-03-24,13.86556339263916,8
HP,2020-03-17,12.27,-37.16%,2020-03-24,13.86556339263916,7
HP,2020-03-18,10.26,-34.85%,2020-03-24,13.86556339263916,6
HP,2020-03-19,9.81,-27.91%,2020-03-23,10.830315589904785,4
HP,2020-03-20,10.09,-24.76%,2020-03-24,13.86556339263916,4
HP,2020-03-23,10.83,-21.9%,2020-03-24,13.86556339263916,1
HPE,2020-03-17,6.94,-20.66%,2020-03-19,7.649351119995117,2
HPE,2020-03-18,7.16,-22.08%,2020-03-25,7.884457111358643,7
HPQ,2020-03-18,10.89,-23.71%,2020-03-24,12.853411674499512,6
HPQ,2020-03-19,11.96,-23.9%,2020-03-26,14.905633926391602,7
HPQ,2020-03-20,11.59,-24.08%,2020-03-24,12.853411674499512,4
HPQ,2020-03-23,11.38,-21.22%,2020-03-24,12.853411674499512,1
HUM,2020-03-18,234.73,-20.32%,2020-03-26,289.8424072265625,8
HUM,2020-03-20,219.52,-21.31%,2020-03-25,256.07757568359375,5
HUM,2020-03-23,204.12,-21.5%,2020-03-25,256.07757568359375,2
HUM,2020-03-24,222.81,-20.03%,2020-03-25,256.07757568359375,1
HUM,2024-10-07,233.02,-20.76%,2024-10-14,263.8940734863281,7
HUM,2024-10-08,239.83,-21.48%,2024-10-14,263.8940734863281,6
IFF,2023-08-14,61.43,-21.24%,2023-11-03,69.5519790649414,81
ILMN,2022-05-11,207.25,-20.86%,2022-05-17,236.5953369140625,6
ILMN,2022-05-12,211.5,-25.22%,2022-05-17,236.5953369140625,5
ILMN,2022-05-13,227.2,-23.84%,2022-05-27,251.0311279296875,14
INTC,2024-08-06,19.7,-21.86%,2024-08-30,22.040000915527344,24
INTC,2024-08-07,18.99,-28.91%,2024-08-19,21.520000457763672,12
INTC,2024-08-08,20.49,-33.5%,2024-09-23,22.559999465942383,46
INTC,2024-08-09,19.71,-30.04%,2024-08-30,22.040000915527344,21
INTC,2024-08-12,19.36,-24.81%,2024-08-19,21.520000457763672,7
IQV,2020-03-20,91.67,-21.2%,2020-03-25,104.87999725341797,5
IQV,2020-03-23,84.0,-21.42%,2020-03-24,96.91000366210938,1
IQV,2020-03-24,96.91,-20.12%,2020-03-26,110.55000305175781,2
IR,2020-03-10,23.74,-20.34%,2020-04-09,26.37220573425293,30
IR,2020-03-11,23.38,-22.58%,2020-04-09,26.37220573425293,29
IR,2020-03-12,21.24,-22.74%,2020-03-30,23.635465621948242,18
IR,2020-03-13,22.89,-23.36%,2020-04-06,25.307369232177734,24
IT,2025-08-07,229.69,-20.63%,2025-09-17,253.9199981689453,41
IT,2025-08-08,229.0,-25.14%,2025-09-17,253.9199981689453,40
IT,2025-08-11,225.98,-30.96%,2025-08-22,249.89999389648438,11
IT,2025-08-12,229.39,-27.26%,2025-09-17,253.9199981689453,36
IVZ,2020-03-13,8.46,-21.02%,2020-09-28,9.3132963180542,199
IVZ,2020-03-16,6.85,-21.49%,2020-03-17,7.974695205688477,1
IVZ,2020-03-17,7.97,-22.82%,2020-06-08,9.234527587890625,83
IVZ,2020-03-18,7.7,-20.64%,2020-06-08,9.234527587890625,82
JCI,2020-03-23,20.94,-21.39%,2020-03-25,23.287717819213867,2
JCI,2020-03-24,22.6,-20.2%,2020-04-07,25.1949462890625,14
KEY,2020-03-12,8.29,-22.55%,2020-03-13,9.70767879486084,1
KEY,2020-03-13,9.71,-23.96%,2020-06-05,11.279297828674316,84
KEY,2020-03-16,7.62,-22.0%,2020-03-26,8.7391996383667,10
KEY,2020-03-17,7.81,-23.25%,2020-03-26,8.7391996383667,9
KEY,2020-03-18,6.22,-24.25%,2020-03-19,7.130149841308594,1
KEY,2020-03-19,7.13,-20.54%,2020-03-26,8.7391996383667,7
KEY,2020-03-20,7.01,-23.54%,2020-03-26,8.7391996383667,6
KEY,2020-03-23,6.53,-23.15%,2020-03-24,7.450434684753418,1
KEY,2023-03-15,10.17,-24.9%,2023-11-29,11.395602226257324,259
KEY,2023-03-16,10.63,-27.64%,2023-12-01,12.110118865966797,260
KEY,2023-03-17,9.98,-30.25%,2023-03-21,11.044645309448242,4
KEY,2023-03-20,10.1,-23.82%,2023-11-29,11.395602226257324,254
KIM,2020-03-16,8.26,-22.16%,2020-05-22,9.089768409729004,67
KIM,2020-03-17,8.46,-26.96%,2020-05-26,9.819839477539062,70
KIM,2020-03-18,7.6,-30.12%,2020-03-25,8.717503547668457,7
KIM,2020-03-19,7.99,-28.65%,2020-03-26,8.818778991699219,7
KIM,2020-03-20,8.28,-28.18%,2020-05-26,9.819839477539062,67
KIM,2020-03-23,7.33,-24.66%,2020-03-24,8.172172546386719,1
KMI,2020-03-13,10.54,-23.22%,2020-06-03,11.721445083618164,82
KMI,2020-03-16,9.08,-23.42%,2020-03-26,10.327901840209961,10
KMI,2020-03-17,9.02,-23.95%,2020-03-26,10.327901840209961,9
KMI,2020-03-18,7.12,-26.17%,2020-03-19,7.988433837890625,1
KMI,2020-03-19,7.99,-24.12%,2020-03-20,8.808672904968262,1
KMI,2020-03-20,8.81,-22.78%,2020-03-25,9.792962074279785,5
KMI,2020-03-23,7.87,-21.55%,2020-03-24,9.186698913574219,1
KMX,2020-03-17,53.76,-22.72%,2020-03-25,63.880001068115234,8
KMX,2020-03-18,48.22,-26.89%,2020-03-24,56.31999969482422,6
KMX,2020-03-19,48.13,-28.6%,2020-03-24,56.31999969482422,5
KMX,2020-03-20,44.27,-32.3%,2020-03-24,56.31999969482422,4
KMX,2020-03-23,47.7,-30.44%,2020-03-24,56.31999969482422,1
KMX,2020-03-24,56.32,-24.02%,2020-03-25,63.880001068115234,1
KSS,2020-03-13,17.78,-22.53%,2020-06-05,19.770538330078125,84
KSS,2020-03-16,14.14,-27.2%,2020-05-27,16.5795841217041,72
KSS,2020-03-17,12.64,-32.95%,2020-04-09,14.809304237365723,23
KSS,2020-03-18,11.6,-37.21%,2020-03-19,12.77869701385498,1
KSS,2020-03-19,12.78,-36.02%,2020-04-09,14.809304237365723,21
KSS,2020-03-20,11.79,-37.47%,2020-03-25,13.165482521057129,5
KSS,2020-03-23,9.74,-36.02%,2020-03-24,12.36960220336914,1
KSS,2020-03-24,12.37,-28.48%,2020-04-09,14.809304237365723,16
KSS,2020-04-06,10.52,-24.42%,2020-04-07,12.65224838256836,1
LEG,2020-03-18,18.9,-20.83%,2020-03-24,20.996681213378906,6
LEG,2020-03-20,18.9,-21.99%,2020-03-24,20.996681213378906,4
LEG,2020-03-23,17.81,-22.07%,2020-03-24,20.996681213378906,1
LEN,2020-03-16,32.96,-22.94%,2020-03-25,36.536991119384766,9
LEN,2020-03-17,31.39,-29.62%,2020-03-25,36.536991119384766,8
LEN,2020-03-18,27.75,-34.08%,2020-03-20,30.586591720581055,2
LEN,2020-03-19,28.37,-35.07%,2020-03-24,31.950780868530273,5
LEN,2020-03-20,30.59,-35.32%,2020-03-25,36.536991119384766,5
LEN,2020-03-23,26.34,-33.38%,2020-03-24,31.950780868530273,1
LEN,2020-03-24,31.95,-25.62%,2020-03-25,36.536991119384766,1
LH,2020-03-17,102.39,-23.38%,2020-03-26,112.77661895751953,9
LH,2020-03-18,88.67,-26.42%,2020-03-25,101.06694793701172,7
LH,2020-03-19,94.23,-24.65%,2020-03-26,112.77661895751953,7
LH,2020-03-20,88.25,-27.45%,2020-03-25,101.06694793701172,5
LH,2020-03-23,85.84,-24.51%,2020-03-24,96.91136932373047,1
LH,2020-03-24,96.91,-20.43%,2020-03-26,112.77661895751953,2
LKQ,2020-03-18,14.42,-23.05%,2020-03-25,18.138370513916016,7
LKQ,2020-03-19,15.76,-25.38%,2020-03-25,18.138370513916016,6
LKQ,2020-03-20,14.78,-30.53%,2020-03-25,18.138370513916016,5
LKQ,2020-03-23,12.61,-32.64%,2020-03-24,15.38133430480957,1
LKQ,2020-03-24,15.38,-30.41%,2020-03-25,18.138370513916016,1
LNC,2020-03-11,24.36,-22.67%,2020-04-29,28.319610595703125,49
LNC,2020-03-12,17.86,-28.35%,2020-03-13,22.056377410888672,1
LNC,2020-03-13,22.06,-30.21%,2020-04-08,24.884113311767578,26
LNC,2020-03-16,16.56,-29.45%,2020-03-25,19.175140380859375,9
LNC,2020-03-17,17.51,-32.8%,2020-03-26,21.987592697143555,9
LNC,2020-03-18,15.09,-34.66%,2020-03-24,17.463211059570312,6
LNC,2020-03-19,14.69,-30.0%,2020-03-24,17.463211059570312,5
LNC,2020-03-20,13.04,-33.51%,2020-03-24,17.463211059570312,4
LNC,2020-03-23,13.26,-31.85%,2020-03-24,17.463211059570312,1
LNC,2020-03-24,17.46,-25.23%,2020-03-26,21.987592697143555,2
LNC,2022-11-07,27.95,-21.26%,2022-11-18,31.70803451538086,11
LNC,2022-11-08,29.01,-28.93%,2022-11-21,32.06940841674805,13
LNC,2022-11-09,27.57,-36.24%,2022-11-17,30.38021469116211,8
LNC,2022-11-10,29.1,-31.81%,2022-11-21,32.06940841674805,11
LNC,2022-11-11,29.62,-25.62%,2022-11-22,32.68288803100586,11
LNC,2023-03-16,18.85,-21.22%,2023-06-07,20.861064910888672,83
LNC,2023-03-17,17.3,-21.8%,2023-03-21,19.20488739013672,4
LOW,2020-03-18,58.82,-22.03%,2020-03-24,69.93196868896484,6
LOW,2020-03-19,63.21,-23.32%,2020-03-24,69.93196868896484,5
LOW,2020-03-20,60.03,-28.15%,2020-03-24,69.93196868896484,4
LOW,2020-03-23,61.34,-25.82%,2020-03-24,69.93196868896484,1
LRCX,2020-03-18,18.11,-20.26%,2020-03-24,21.648948669433594,6
LRCX,2020-03-20,17.53,-23.4%,2020-03-24,21.648948669433594,4
LRCX,2020-03-23,17.99,-21.78%,2020-03-24,21.648948669433594,1
LUMN,2023-02-13,4.06,-20.97%,2024-08-06,5.0,540
LUMN,2023-02-14,3.93,-24.22%,2024-08-06,5.0,539
LUMN,2023-02-15,3.91,-20.08%,2024-08-06,5.0,538
LW,2020-03-16,48.05,-22.29%,2020-03-26,53.910274505615234,10
LW,2020-03-17,48.68,-24.69%,2020-03-26,53.910274505615234,9
LW,2020-03-18,41.24,-28.27%,2020-03-24,50.42863464355469,6
LW,2020-03-19,44.72,-27.73%,2020-03-24,50.42863464355469,5
LW,2020-03-20,43.64,-28.35%,2020-03-24,50.42863464355469,4
LW,2020-03-23,43.71,-25.18%,2020-03-24,50.42863464355469,1
LW,2024-04-09,77.69,-20.21%,2024-05-22,86.11333465576172,43
LW,2024-04-10,77.13,-23.59%,2024-05-22,86.11333465576172,42
LW,2024-07-29,54.55,-23.38%,2024-08-19,61.41946029663086,21
LW,2024-07-30,57.74,-28.37%,2024-09-17,64.11321258544922,49
LW,2024-07-31,58.22,-23.04%,2024-09-17,64.11321258544922,48
LYB,2020-03-12,32.33,-20.67%,2020-03-25,36.56113052368164,13
LYB,2020-03-13,32.87,-27.63%,2020-03-25,36.56113052368164,12
LYB,2020-03-16,24.49,-31.57%,2020-03-17,29.276968002319336,1
LYB,2020-03-17,29.28,-34.35%,2020-03-25,36.56113052368164,8
LYB,2020-03-18,28.47,-34.19%,2020-03-24,31.78221321105957,6
LYB,2020-03-19,30.34,-28.88%,2020-03-25,36.56113052368164,6
LYB,2020-03-20,29.47,-23.98%,2020-03-25,36.56113052368164,5
LYV,2020-03-12,36.2,-21.52%,2020-03-13,42.849998474121094,1
LYV,2020-03-13,42.85,-22.94%,2020-03-27,47.150001525878906,14
LYV,2020-03-16,36.31,-23.93%,2020-03-24,42.939998626708984,8
LYV,2020-03-17,33.92,-28.04%,2020-03-23,37.33000183105469,6
LYV,2020-03-18,29.5,-27.93%,2020-03-19,32.91999816894531,1
LYV,2020-03-19,32.92,-23.31%,2020-03-23,37.33000183105469,4
LYV,2020-03-20,33.97,-23.81%,2020-03-24,42.939998626708984,4
LYV,2020-04-07,37.85,-22.17%,2020-04-14,41.959999084472656,7
LYV,2020-04-08,37.76,-20.22%,2020-04-14,41.959999084472656,6
M,2020-03-12,6.25,-21.65%,2020-06-04,6.954631328582764,84
M,2020-03-13,6.8,-24.52%,2020-06-08,8.089734077453613,87
M,2020-03-16,5.68,-27.09%,2020-06-03,6.658147811889648,79
M,2020-03-17,5.68,-30.09%,2020-05-27,6.251543998718262,71
M,2020-03-18,5.25,-31.62%,2020-05-27,6.251543998718262,70
M,2020-03-19,5.67,-27.69%,2020-05-27,6.251543998718262,69
M,2020-03-20,5.1,-27.33%,2020-04-09,5.641636371612549,20
M,2020-03-23,4.07,-26.11%,2020-03-24,4.794544696807861,1
M,2020-03-24,4.79,-22.55%,2020-03-25,5.599282264709473,1
MAA,2020-03-20,72.49,-22.5%,2020-03-25,81.0515365600586,5
MAA,2020-03-23,70.14,-22.1%,2020-03-25,81.0515365600586,2
MAA,2020-03-24,73.88,-22.61%,2020-03-26,85.15217590332031,2
MAR,2020-03-18,61.68,-22.49%,2020-03-20,72.094970703125,2
MAR,2020-03-19,64.57,-25.21%,2020-03-20,72.094970703125,1
MAR,2020-03-20,72.09,-27.15%,2020-03-25,82.40946960449219,5
MAR,2020-03-23,67.79,-27.84%,2020-03-24,76.5030288696289,1
MAR,2020-03-24,76.5,-21.42%,2020-04-28,84.50714111328125,35
MCD,2020-03-20,130.83,-20.64%,2020-03-26,147.45013427734375,6
MCHP,2020-03-16,25.18,-21.39%,2020-03-17,28.214962005615234,1
MCHP,2020-03-17,28.21,-24.37%,2020-03-24,34.182987213134766,7
MCHP,2020-03-18,26.16,-24.47%,2020-03-23,29.573787689208984,5
MCHP,2025-04-09,44.25,-20.41%,2025-05-09,54.527164459228516,30
MET,2020-03-12,23.51,-21.39%,2020-03-13,26.527843475341797,1
MET,2020-03-13,26.53,-23.51%,2020-04-09,29.460607528686523,27
MET,2020-03-16,22.27,-21.88%,2020-03-25,24.708362579345703,9
MET,2020-03-17,23.62,-22.24%,2020-03-26,27.026329040527344,9
MET,2020-03-18,23.41,-20.54%,2020-03-26,27.026329040527344,8
META,2022-11-01,94.62,-22.16%,2022-11-10,111.18457794189453,9
META,2022-11-02,89.99,-27.72%,2022-11-09,100.84830474853516,7
META,2022-11-03,88.37,-25.28%,2022-11-09,100.84830474853516,6
META,2022-11-04,90.23,-22.82%,2022-11-09,100.84830474853516,5
MGM,2020-03-12,15.25,-20.44%,2020-04-29,17.44289207458496,48
MGM,2020-03-13,15.42,-21.79%,2020-04-29,17.44289207458496,47
MGM,2020-03-16,10.24,-23.85%,2020-03-24,12.168066024780273,8
MGM,2020-03-17,9.54,-33.08%,2020-03-24,12.168066024780273,7
MGM,2020-03-18,7.13,-40.84%,2020-03-20,9.10107421875,2
MGM,2020-03-19,7.69,-45.71%,2020-03-20,9.10107421875,1
MGM,2020-03-20,9.1,-49.97%,2020-03-24,12.168066024780273,4
MGM,2020-03-23,9.14,-46.57%,2020-03-24,12.168066024780273,1
MGM,2020-03-24,12.17,-33.97%,2020-03-26,13.436820983886719,2
MHK,2020-03-18,65.05,-25.35%,2020-03-24,77.29000091552734,6
MHK,2020-03-19,66.38,-27.95%,2020-03-24,77.29000091552734,5
MHK,2020-03-20,58.66,-32.07%,2020-03-24,77.29000091552734,4
MHK,2020-03-23,63.33,-32.82%,2020-03-24,77.29000091552734,1
MHK,2020-03-24,77.29,-30.19%,2020-04-08,85.08999633789062,15
MHK,2020-07-14,74.21,-22.49%,2020-07-22,83.87000274658203,8
MHK,2020-07-15,76.54,-23.89%,2020-07-24,85.01000213623047,9
MLM,2020-03-18,144.3,-21.58%,2020-03-19,162.03697204589844,1
MLM,2020-03-20,147.96,-20.11%,2020-03-25,175.35704040527344,5
MOS,2020-03-11,10.33,-21.87%,2020-04-09,11.681913375854492,29
MOS,2020-03-12,8.73,-29.25%,2020-03-13,9.91656494140625,1
MOS,2020-03-13,9.92,-30.94%,2020-04-09,11.681913375854492,27
MOS,2020-03-16,8.96,-28.38%,2020-04-06,10.204781532287598,21
MOS,2020-03-17,8.71,-28.21%,2020-03-24,9.637350082397461,7
MOS,2020-03-18,6.31,-28.85%,2020-03-19,7.40364933013916,1
MOS,2020-03-19,7.4,-23.59%,2020-03-20,8.637589454650879,1
MOS,2020-03-20,8.64,-21.66%,2020-03-24,9.637350082397461,4
MOS,2020-03-23,8.3,-20.18%,2020-03-24,9.637350082397461,1
MPC,2020-03-11,26.4,-23.09%,2020-05-18,29.42609405517578,68
MPC,2020-03-12,19.27,-28.88%,2020-04-09,21.57913589477539,28
MPC,2020-03-13,20.98,-32.69%,2020-04-28,23.936601638793945,46
MPC,2020-03-16,17.08,-34.72%,2020-03-26,19.482688903808594,10
MPC,2020-03-17,17.09,-38.45%,2020-03-26,19.482688903808594,9
MPC,2020-03-18,14.1,-41.6%,2020-03-20,15.954928398132324,2
MPC,2020-03-19,14.08,-38.8%,2020-03-20,15.954928398132324,1
MPC,2020-03-20,15.95,-36.95%,2020-03-25,17.773536682128906,5
MPC,2020-03-23,13.99,-33.32%,2020-03-25,17.773536682128906,2
MPC,2020-03-24,14.73,-27.74%,2020-03-25,17.773536682128906,1
MPWR,2024-11-15,568.44,-20.99%,2025-01-06,626.963134765625,52
MPWR,2024-11-18,582.78,-20.06%,2025-01-22,684.9008178710938,65
MRNA,2021-11-09,236.85,-21.59%,2021-11-19,263.7799987792969,10
MRNA,2021-11-10,228.96,-28.6%,2021-11-19,263.7799987792969,9
MRNA,2021-11-11,225.82,-29.36%,2021-11-18,251.41000366210938,7
MRNA,2021-11-12,231.19,-24.81%,2021-11-19,263.7799987792969,7
MRNA,2021-11-15,235.07,-20.71%,2021-11-19,263.7799987792969,4
MRNA,2022-01-24,157.3,-22.63%,2022-03-18,178.92999267578125,53
MRNA,2022-01-25,152.54,-22.4%,2022-01-31,169.3300018310547,6
MRNA,2022-01-26,154.96,-20.64%,2022-02-01,172.74000549316406,6
MU,2020-03-17,36.49,-22.39%,2020-03-24,42.2354621887207,7
MU,2020-03-18,33.86,-22.41%,2020-03-23,37.33548355102539,5
MU,2025-04-09,77.75,-20.9%,2025-05-09,85.72557830810547,30
NFLX,2022-01-26,359.7,-22.61%,2022-01-31,427.1400146484375,5
NFLX,2022-01-27,386.7,-26.45%,2022-01-31,427.1400146484375,4
NFLX,2022-01-28,384.36,-23.34%,2022-01-31,427.1400146484375,3
NFLX,2022-04-22,215.52,-22.6%,2022-08-10,244.11000061035156,110
NFLX,2022-04-25,209.91,-29.22%,2022-08-08,233.49000549316406,105
NFLX,2022-04-26,198.4,-37.97%,2022-07-21,223.8800048828125,86
NFLX,2022-04-27,188.54,-35.76%,2022-07-20,216.44000244140625,84
NFLX,2022-04-28,199.52,-31.26%,2022-07-21,223.8800048828125,84
NFLX,2022-04-29,190.36,-26.71%,2022-07-20,216.44000244140625,82
NKE,2024-07-05,73.46,-20.62%,2024-08-16,81.06170654296875,42
NOV,2020-03-10,11.15,-20.83%,2020-05-27,12.286579132080078,78
NOV,2020-03-11,9.66,-29.35%,2020-04-08,10.8225679397583,28
NOV,2020-03-12,8.06,-38.63%,2020-03-13,9.432680130004883,1
NOV,2020-03-13,9.43,-42.55%,2020-03-26,10.424134254455566,13
NOV,2020-03-16,8.21,-39.24%,2020-03-19,9.534605979919434,3
NOV,2020-03-17,8.73,-37.06%,2020-03-24,10.322209358215332,7
NOV,2020-03-18,7.85,-32.04%,2020-03-19,9.534605979919434,1
NRG,2020-03-18,18.53,-21.87%,2020-03-24,21.711034774780273,6
NRG,2020-03-20,19.65,-20.43%,2020-03-24,21.711034774780273,4
NRG,2022-12-12,30.29,-20.92%,2023-02-13,33.346805572509766,63
NTAP,2025-03-06,90.44,-22.41%,2025-05-16,99.6109390258789,71
NTAP,2025-03-07,92.32,-20.19%,2025-06-03,102.71233367919922,88
NVR,2020-03-16,2321.78,-20.29%,2020-03-19,2709.419921875,3
NVR,2020-03-17,2271.55,-27.62%,2020-03-19,2709.419921875,2
NVR,2020-03-18,2286.27,-31.32%,2020-03-19,2709.419921875,1
NVR,2020-03-19,2709.42,-28.86%,2020-04-27,2990.699951171875,39
NVR,2020-03-20,2326.89,-28.49%,2020-03-24,2633.489990234375,4
NVR,2020-03-23,2175.0,-23.34%,2020-03-24,2633.489990234375,1
O,2020-03-18,31.2,-22.89%,2020-03-19,35.29229736328125,1
O,2020-03-19,35.29,-26.16%,2020-03-25,40.004798889160156,6
O,2020-03-20,34.81,-31.95%,2020-03-25,40.004798889160156,5
O,2020-03-23,31.81,-31.22%,2020-03-24,37.19345474243164,1
O,2020-03-24,37.19,-28.02%,2020-03-26,42.83815002441406,2
OKE,2020-03-11,24.76,-29.31%,2020-06-02,28.210735321044922,83
OKE,2020-03-12,19.61,-41.26%,2020-04-28,21.732868194580078,47
OKE,2020-03-13,21.17,-49.33%,2020-05-12,23.44843292236328,60
OKE,2020-03-16,17.23,-48.47%,2020-04-09,19.56926918029785,24
OKE,2020-03-17,14.81,-48.82%,2020-03-26,16.785476684570312,9
OKE,2020-03-18,10.59,-49.97%,2020-03-19,14.118815422058105,1
OKE,2020-03-19,14.12,-43.95%,2020-03-25,15.924152374267578,6
OKE,2020-03-20,14.24,-39.84%,2020-03-25,15.924152374267578,5
OKE,2020-03-23,13.51,-38.28%,2020-03-24,15.193751335144043,1
OKE,2020-03-24,15.19,-30.67%,2020-03-26,16.785476684570312,2
ON,2023-11-03,68.25,-21.26%,2023-12-07,75.83999633789062,34
OXY,2020-03-10,13.56,-27.79%,2020-04-29,15.870820045471191,50
OXY,2020-03-11,11.16,-39.93%,2020-03-13,13.487360954284668,2
OXY,2020-03-12,11.25,-51.6%,2020-03-13,13.487360954284668,1
OXY,2020-03-13,13.49,-57.53%,2020-04-29,15.870820045471191,47
OXY,2020-03-16,11.37,-51.69%,2020-04-06,12.711791038513184,21
OXY,2020-03-17,10.73,-46.89%,2020-03-26,12.134841918945312,9
OXY,2020-03-18,9.96,-36.98%,2020-03-25,11.349811553955078,7
OXY,2020-03-19,10.24,-23.01%,2020-03-25,11.349811553955078,6
OXY,2025-04-10,36.07,-20.16%,2025-04-24,39.93247985839844,14
PANW,2024-02-27,157.38,-22.14%,2024-08-20,184.0050048828125,175
PARA,2023-05-09,15.89,-21.68%,2025-09-12,18.740001678466797,857
PARA,2023-05-10,15.24,-28.6%,2025-09-11,17.413537979125977,855
PARA,2023-05-11,14.77,-25.17%,2023-12-08,16.30669403076172,211
PARA,2023-05-12,14.44,-22.25%,2023-06-08,15.937298774719238,27
PAYC,2020-03-13,222.64,-21.04%,2020-04-29,265.25250244140625,47
PAYC,2020-03-16,192.82,-21.35%,2020-03-17,212.9387664794922,1
PAYC,2020-03-17,212.94,-20.52%,2020-04-29,265.25250244140625,43
PAYC,2023-11-03,156.64,-23.56%,2023-11-14,173.64224243164062,11
PAYC,2023-11-06,158.48,-28.88%,2023-11-15,174.4598388671875,9
PAYC,2023-11-07,165.33,-34.25%,2023-12-01,183.35794067382812,24
PAYC,2023-11-08,165.01,-27.04%,2023-12-01,183.35794067382812,23
PAYC,2023-11-09,165.25,-20.76%,2023-12-01,183.35794067382812,22
PFG,2020-03-13,28.85,-21.77%,2020-05-26,31.751420974731445,74
PFG,2020-03-16,23.78,-20.34%,2020-03-25,26.444643020629883,9
PFG,2020-03-17,23.26,-21.89%,2020-03-25,26.444643020629883,8
PFG,2020-03-18,22.08,-22.23%,2020-03-25,26.444643020629883,7
PFG,2020-03-20,20.84,-21.48%,2020-03-24,24.026567459106445,4
PFG,2020-03-23,19.6,-21.69%,2020-03-24,24.026567459106445,1
PH,2020-03-13,129.71,-20.95%,2020-04-29,145.0048828125,47
PH,2020-03-16,108.86,-20.07%,2020-03-26,120.68333435058594,10
PH,2020-03-17,113.72,-21.95%,2020-04-08,130.70407104492188,22
PH,2020-03-18,94.74,-23.02%,2020-03-24,106.79849243164062,6
PH,2020-03-19,96.35,-21.58%,2020-03-24,106.79849243164062,5
PH,2020-03-20,94.69,-24.14%,2020-03-24,106.79849243164062,4
PH,2020-03-23,90.19,-23.91%,2020-03-24,106.79849243164062,1
PH,2020-03-24,106.8,-20.77%,2020-03-26,120.68333435058594,2
PHM,2020-03-16,22.77,-23.53%,2020-04-27,25.755945205688477,42
PHM,2020-03-17,21.83,-30.53%,2020-03-26,24.309293746948242,9
PHM,2020-03-18,18.4,-35.33%,2020-03-24,20.877063751220703,6
PHM,2020-03-19,18.47,-36.95%,2020-03-24,20.877063751220703,5
PHM,2020-03-20,18.69,-39.2%,2020-03-24,20.877063751220703,4
PHM,2020-03-23,16.77,-37.68%,2020-03-24,20.877063751220703,1
PHM,2020-03-24,20.88,-31.26%,2020-03-26,24.309293746948242,2
PLTR,2025-02-27,84.77,-21.74%,2025-03-24,96.75,25
PLTR,2025-02-28,84.92,-22.35%,2025-03-24,96.75,24
PNR,2020-03-20,22.0,-24.87%,2020-03-24,24.98951530456543,4
PNR,2020-03-23,21.14,-26.9%,2020-03-24,24.98951530456543,1
PNR,2020-03-24,24.99,-25.76%,2020-03-26,28.135173797607422,2
PNW,2020-03-18,51.52,-22.89%,2020-03-25,57.08808135986328,7
PNW,2020-03-19,53.71,-22.17%,2020-03-26,62.336456298828125,7
PNW,2020-03-20,51.5,-22.67%,2020-03-25,57.08808135986328,5
PPL,2020-03-20,15.67,-20.36%,2020-03-25,17.711565017700195,5
PPL,2020-03-23,14.81,-20.89%,2020-03-24,16.922794342041016,1
PPL,2020-03-24,16.92,-21.59%,2020-03-26,19.65561866760254,2
PRU,2020-03-12,35.05,-22.21%,2020-03-13,40.05431365966797,1
PRU,2020-03-13,40.05,-25.56%,2020-04-09,44.42910385131836,27
PRU,2020-03-16,32.81,-25.28%,2020-03-25,39.062801361083984,9
PRU,2020-03-17,35.4,-27.33%,2020-03-25,39.062801361083984,8
PRU,2020-03-18,34.95,-26.66%,2020-03-25,39.062801361083984,7
PRU,2020-03-19,33.58,-20.87%,2020-03-25,39.062801361083984,6
PSX,2020-03-13,43.23,-22.68%,2020-04-08,50.653446197509766,26
PSX,2020-03-16,38.38,-23.75%,2020-03-26,43.250247955322266,10
PSX,2020-03-17,37.11,-26.51%,2020-03-26,43.250247955322266,9
PSX,2020-03-18,34.17,-25.85%,2020-03-20,38.44731140136719,2
PVH,2020-03-13,49.92,-23.1%,2020-06-04,56.71452331542969,83
PVH,2020-03-16,40.41,-26.19%,2020-04-07,46.39015197753906,22
PVH,2020-03-17,37.12,-32.11%,2020-04-07,46.39015197753906,21
PVH,2020-03-18,32.97,-35.77%,2020-03-25,37.18757247924805,7
PVH,2020-03-19,33.65,-33.69%,2020-03-25,37.18757247924805,6
PVH,2020-03-20,31.34,-35.95%,2020-03-24,35.26167297363281,4
PVH,2020-03-23,28.84,-35.32%,2020-03-24,35.26167297363281,1
PVH,2020-03-24,35.26,-28.75%,2020-04-06,39.42120361328125,13
PVH,2022-03-09,74.84,-20.55%,2022-03-18,83.18950653076172,9
PVH,2022-03-10,73.78,-22.5%,2022-03-17,81.42097473144531,7
PVH,2022-03-11,72.05,-20.34%,2022-03-16,80.16912078857422,5
QRVO,2024-11-04,71.37,-22.37%,2025-01-17,84.20999908447266,74
QRVO,2024-11-05,71.8,-28.06%,2025-01-17,84.20999908447266,73
QRVO,2024-11-06,72.86,-23.96%,2025-01-17,84.20999908447266,72
RCL,2020-02-28,78.51,-22.77%,2021-02-23,88.7968521118164,361
RCL,2020-03-02,78.66,-23.38%,2021-02-23,88.7968521118164,358
RCL,2020-03-03,76.34,-22.33%,2021-02-22,85.0300064086914,356
RCL,2020-03-10,50.95,-21.61%,2020-06-03,57.30133056640625,85
RCL,2020-03-11,43.75,-29.76%,2020-05-26,48.87031555175781,76
RCL,2020-03-12,29.85,-37.14%,2020-03-24,33.99031066894531,12
RCL,2020-03-13,31.88,-43.55%,2020-03-25,41.8198127746582,12
RCL,2020-03-16,29.52,-43.72%,2020-03-24,33.99031066894531,8
RCL,2020-03-17,27.28,-46.79%,2020-03-24,33.99031066894531,7
RCL,2020-03-18,22.02,-48.19%,2020-03-23,27.797704696655273,5
RCL,2020-03-19,22.1,-43.79%,2020-03-23,27.797704696655273,4
RCL,2020-03-20,23.48,-39.03%,2020-03-23,27.797704696655273,3
RCL,2020-03-23,27.8,-34.03%,2020-03-24,33.99031066894531,1
RCL,2020-03-24,33.99,-20.27%,2020-03-25,41.8198127746582,1
RCL,2020-04-03,24.05,-24.01%,2020-04-06,29.19794273376465,3
RCL,2020-04-06,29.2,-24.76%,2020-04-07,33.08311080932617,1
RCL,2020-04-07,33.08,-23.02%,2020-04-08,37.03730773925781,1
RCL,2022-05-13,60.77,-20.03%,2023-02-02,68.37504577636719,265
RCL,2022-06-15,39.14,-23.4%,2022-08-16,43.466575622558594,62
RCL,2022-06-16,34.67,-26.25%,2022-06-24,41.178855895996094,8
RCL,2022-06-17,36.78,-26.5%,2022-06-24,41.178855895996094,7
RCL,2022-06-21,36.51,-23.61%,2022-06-24,41.178855895996094,3
REG,2020-03-19,29.75,-20.75%,2020-03-26,33.563446044921875,7
REG,2020-03-20,27.98,-26.47%,2020-03-24,31.272506713867188,4
REG,2020-03-23,27.65,-27.15%,2020-03-24,31.272506713867188,1
REG,2020-03-24,31.27,-27.43%,2020-04-09,34.97446823120117,16
REG,2020-03-25,32.69,-20.61%,2020-05-26,36.3597412109375,62
RF,2020-03-12,7.55,-21.19%,2020-04-09,8.788146018981934,28
RF,2020-03-13,7.97,-25.06%,2020-04-09,8.788146018981934,27
RF,2020-03-16,6.63,-23.91%,2020-03-26,7.862236499786377,10
RF,2020-03-17,7.09,-25.04%,2020-03-26,7.862236499786377,9
RF,2020-03-18,5.87,-25.97%,2020-03-19,6.609066963195801,1
RF,2020-03-19,6.61,-22.26%,2020-03-26,7.862236499786377,7
RF,2020-03-20,6.59,-21.09%,2020-03-26,7.862236499786377,6
RL,2020-03-17,65.95,-23.01%,2020-04-09,72.85137176513672,23
RL,2020-03-18,66.02,-23.37%,2020-04-09,72.85137176513672,22
RL,2020-03-19,63.27,-20.66%,2020-04-09,72.85137176513672,21
RL,2020-03-20,59.76,-20.56%,2020-03-26,67.33385467529297,6
ROST,2020-03-18,56.84,-22.26%,2020-03-24,67.84917449951172,6
ROST,2020-03-19,61.61,-25.96%,2020-03-24,67.84917449951172,5
ROST,2020-03-20,60.57,-30.46%,2020-03-24,67.84917449951172,4
ROST,2020-03-23,59.64,-29.73%,2020-03-24,67.84917449951172,1
ROST,2020-03-24,67.85,-23.98%,2020-03-25,77.05308532714844,1
SCHW,2023-03-15,57.35,-23.07%,2023-07-18,63.90293884277344,125
SCHW,2023-03-16,55.74,-23.39%,2023-07-18,63.90293884277344,124
SEE,2020-03-17,18.05,-20.72%,2020-03-19,19.867042541503906,2
SEE,2020-03-18,15.85,-24.65%,2020-03-19,19.867042541503906,1
SEE,2020-03-19,19.87,-23.73%,2020-03-26,23.569534301757812,7
SEE,2020-03-20,21.69,-22.33%,2020-04-07,24.44548988342285,18
SLB,2020-03-11,15.43,-24.37%,2020-06-03,17.53166961669922,84
SLB,2020-03-12,12.8,-32.28%,2020-03-13,14.349321365356445,1
SLB,2020-03-13,14.35,-36.46%,2020-04-29,16.16074562072754,47
SLB,2020-03-16,12.8,-33.36%,2020-04-07,14.624584197998047,22
SLB,2020-03-17,12.43,-31.97%,2020-03-26,13.781031608581543,9
SLB,2020-03-18,10.7,-30.73%,2020-03-19,12.31590461730957,1
SLB,2020-03-19,12.32,-22.67%,2020-03-26,13.781031608581543,7
SLG,2020-03-16,35.95,-20.03%,2020-03-17,40.11880111694336,1
SLG,2020-03-17,40.12,-22.96%,2020-11-24,44.61176300048828,252
SLG,2020-03-18,33.96,-24.41%,2020-04-29,37.70997619628906,42
SLG,2020-03-19,34.15,-22.4%,2020-04-29,37.70997619628906,41
SLG,2020-03-20,31.32,-24.95%,2020-04-09,37.24118423461914,20
SLG,2020-03-23,28.11,-23.67%,2020-03-24,32.20024871826172,1
SLG,2020-03-24,32.2,-23.41%,2020-04-09,37.24118423461914,16
SMCI,2024-08-30,43.77,-20.68%,2024-10-16,48.75,47
SMCI,2024-09-03,44.18,-23.08%,2024-10-16,48.75,43
SMCI,2024-09-04,42.35,-25.63%,2024-09-23,46.59400177001953,19
SMCI,2024-09-05,41.46,-21.84%,2024-09-13,45.715999603271484,8
SMCI,2024-11-01,26.05,-20.44%,2024-11-21,29.700000762939453,20
SMCI,2024-11-04,26.03,-29.74%,2024-11-21,29.700000762939453,17
SMCI,2024-11-05,27.7,-39.77%,2024-11-22,33.150001525878906,17
SMCI,2024-11-06,22.7,-41.1%,2024-11-07,25.479999542236328,1
SMCI,2024-11-07,25.48,-37.97%,2024-11-19,28.270000457763672,12
SMCI,2024-11-08,24.52,-31.69%,2024-11-19,28.270000457763672,11
SMCI,2024-11-11,23.23,-24.33%,2024-11-19,28.270000457763672,8
SMCI,2025-03-03,36.07,-23.28%,2025-03-11,40.84000015258789,8
SMCI,2025-03-04,39.14,-22.74%,2025-05-14,45.0,71
SMCI,2025-03-05,38.9,-24.69%,2025-05-14,45.0,70
SMCI,2025-03-06,37.05,-22.1%,2025-03-11,40.84000015258789,5
SMCI,2025-08-12,46.43,-21.29%,2025-10-01,52.38999938964844,50
SNPS,2025-09-15,419.2,-24.0%,2025-09-18,480.1099853515625,3
SNPS,2025-09-16,425.97,-30.25%,2025-09-18,480.1099853515625,2
SNPS,2025-09-17,425.4,-23.82%,2025-09-18,480.1099853515625,1
SPG,2020-03-13,65.99,-20.08%,2021-01-14,73.68099212646484,307
SPG,2020-03-16,48.36,-23.13%,2020-06-03,53.57618713378906,79
SPG,2020-03-17,43.27,-30.77%,2020-04-09,50.11373519897461,23
SPG,2020-03-18,33.02,-38.22%,2020-03-19,40.97608184814453,1
SPG,2020-03-19,40.98,-39.24%,2020-03-25,45.827938079833984,6
SPG,2020-03-20,35.39,-44.11%,2020-03-24,40.23359298706055,4
SPG,2020-03-23,36.87,-42.96%,2020-03-25,45.827938079833984,2
SPG,2020-03-24,40.23,-36.48%,2020-03-25,45.827938079833984,1
SPG,2020-03-25,45.83,-20.92%,2020-04-29,50.576873779296875,35
SRE,2020-03-16,36.7,-20.98%,2020-03-17,40.74452209472656,1
SRE,2020-03-17,40.74,-24.45%,2020-03-25,47.708763122558594,8
SRE,2020-03-18,42.41,-24.72%,2020-03-25,47.708763122558594,7
SRE,2020-03-19,41.84,-20.73%,2020-03-25,47.708763122558594,6
STZ,2020-03-16,114.3,-20.24%,2020-03-26,128.9016571044922,10
STZ,2020-03-17,114.02,-23.78%,2020-03-26,128.9016571044922,9
STZ,2020-03-18,111.09,-25.0%,2020-03-26,128.9016571044922,8
STZ,2020-03-19,112.75,-21.21%,2020-03-26,128.9016571044922,7
SWK,2020-03-17,76.95,-20.27%,2020-03-26,90.76679992675781,9
SWK,2020-03-18,66.3,-25.28%,2020-03-24,76.403564453125,6
SWK,2020-03-19,70.9,-25.92%,2020-03-25,83.16625213623047,6
SWK,2020-03-20,67.25,-28.56%,2020-03-24,76.403564453125,4
SWK,2020-03-23,60.97,-26.89%,2020-03-24,76.403564453125,1
SWK,2020-03-24,76.4,-21.36%,2020-03-26,90.76679992675781,2
SWK,2025-04-09,62.69,-20.11%,2025-05-12,70.80004119873047,33
SWKS,2025-02-11,63.31,-20.84%,2025-03-07,71.21267700195312,24
SWKS,2025-02-12,64.24,-25.06%,2025-03-07,71.21267700195312,23
SWKS,2025-02-13,64.23,-20.6%,2025-03-07,71.21267700195312,22
SYF,2020-03-17,15.18,-24.0%,2020-04-29,18.305667877197266,43
SYF,2020-03-18,12.11,-28.7%,2020-03-25,14.487997055053711,7
SYF,2020-03-19,12.7,-30.02%,2020-03-25,14.487997055053711,6
SYF,2020-03-20,11.66,-36.46%,2020-03-25,14.487997055053711,5
SYF,2020-03-23,11.13,-36.89%,2020-03-24,12.818313598632812,1
SYF,2020-03-24,12.82,-34.2%,2020-03-25,14.487997055053711,1
SYF,2020-03-25,14.49,-24.02%,2020-03-26,16.54901885986328,1
SYY,2020-03-13,40.32,-21.56%,2020-03-26,45.807289123535156,13
SYY,2020-03-16,32.33,-26.6%,2020-03-25,39.10064697265625,9
SYY,2020-03-17,30.03,-33.56%,2020-03-24,33.387596130371094,7
SYY,2020-03-18,26.76,-37.9%,2020-03-19,31.78587532043457,1
SYY,2020-03-19,31.79,-34.93%,2020-03-25,39.10064697265625,6
SYY,2020-03-20,30.26,-34.49%,2020-03-24,33.387596130371094,4
SYY,2020-03-23,31.07,-28.83%,2020-03-25,39.10064697265625,2
TDG,2020-03-17,261.82,-24.46%,2020-03-25,290.9742126464844,8
TDG,2020-03-18,204.29,-29.74%,2020-03-19,254.13804626464844,1
TDG,2020-03-19,254.14,-30.18%,2020-03-25,290.9742126464844,6
TDG,2020-03-20,251.43,-32.45%,2020-03-25,290.9742126464844,5
TDG,2020-03-23,250.61,-30.57%,2020-03-25,290.9742126464844,2
TDG,2020-03-24,270.69,-23.54%,2020-03-26,334.19354248046875,2
TDG,2020-04-07,238.06,-21.11%,2020-04-08,272.8221130371094,1
TEL,2020-03-20,50.61,-21.01%,2020-03-25,57.834503173828125,5
TFC,2020-03-11,26.02,-20.26%,2020-04-27,28.960506439208984,47
TFC,2020-03-12,23.36,-24.67%,2020-03-13,26.147159576416016,1
TFC,2020-03-13,26.15,-25.86%,2020-04-27,28.960506439208984,45
TFC,2020-03-16,21.15,-24.24%,2020-03-24,23.279705047607422,8
TFC,2020-03-17,22.62,-23.78%,2020-03-26,26.494964599609375,9
TFC,2020-03-18,21.89,-21.07%,2020-03-26,26.494964599609375,8
TFC,2023-03-15,27.88,-21.73%,2023-07-19,31.496030807495117,126
TFC,2023-03-16,28.61,-24.27%,2023-07-19,31.496030807495117,125
TFC,2023-03-17,26.54,-25.52%,2023-03-21,29.26758575439453,4
TFC,2023-03-20,26.84,-21.02%,2023-03-29,29.936309814453125,9
TFX,2020-03-20,236.16,-21.84%,2020-03-25,272.0122375488281,5
TFX,2020-03-23,218.21,-22.9%,2020-03-24,247.8192138671875,1
TGT,2022-05-23,138.67,-22.58%,2022-08-10,152.87696838378906,79
TGT,2022-05-24,135.11,-28.41%,2022-05-27,150.59739685058594,3
TGT,2022-05-25,140.94,-25.37%,2022-08-12,155.40892028808594,79
TJX,2020-03-18,38.04,-22.0%,2020-03-26,44.6624870300293,8
TJX,2020-03-19,38.79,-21.91%,2020-03-26,44.6624870300293,7
TJX,2020-03-20,34.8,-25.13%,2020-03-25,41.04927062988281,5
TJX,2020-03-23,34.23,-22.08%,2020-03-24,38.218292236328125,1
TPR,2020-03-12,13.3,-20.62%,2020-04-29,15.112613677978516,48
TPR,2020-03-13,14.39,-24.41%,2020-06-08,15.936943054199219,87
TPR,2020-03-16,10.18,-27.36%,2020-03-17,11.691226959228516,1
TPR,2020-03-17,11.69,-30.35%,2020-03-25,13.206923484802246,8
TPR,2020-03-18,11.84,-30.09%,2020-03-25,13.206923484802246,7
TPR,2020-03-19,11.27,-27.1%,2020-03-25,13.206923484802246,6
TPR,2020-03-20,10.67,-27.34%,2020-03-24,12.161005020141602,4
TPR,2020-03-23,9.38,-22.11%,2020-03-24,12.161005020141602,1
TRV,2020-03-18,72.67,-21.14%,2020-03-24,83.39373779296875,6
TRV,2020-03-19,76.57,-20.51%,2020-03-26,87.77961730957031,7
TRV,2020-03-20,79.63,-21.37%,2020-03-26,87.77961730957031,6
TSN,2020-03-17,40.67,-21.47%,2020-03-19,46.068294525146484,2
TSN,2020-03-18,37.54,-23.08%,2020-03-19,46.068294525146484,1
TT,2020-03-24,71.11,-20.98%,2020-03-25,78.80213928222656,1
TXT,2020-03-12,24.89,-22.19%,2020-03-13,28.92592430114746,1
TXT,2020-03-13,28.93,-23.84%,2020-06-03,34.50847625732422,82
TXT,2020-03-16,26.72,-21.65%,2020-04-29,29.819927215576172,44
TXT,2020-03-17,27.91,-22.18%,2020-05-27,31.240400314331055,71
UA,2022-05-10,9.59,-20.35%,2023-01-23,10.579999923706055,258
UA,2022-05-11,9.19,-28.16%,2022-05-13,10.140000343322754,2
UA,2022-05-12,9.69,-32.1%,2023-01-27,10.710000038146973,260
UA,2022-05-13,10.14,-27.21%,2023-02-01,11.170000076293945,264
UA,2022-05-16,9.99,-20.83%,2023-02-01,11.170000076293945,261
UAA,2020-03-18,8.55,-20.04%,2020-03-26,9.890000343322754,8
UAA,2022-05-10,10.39,-20.09%,2023-01-13,11.489999771118164,248
UAA,2022-05-11,9.98,-27.88%,2022-05-13,11.039999961853027,2
UAA,2022-05-12,10.64,-31.39%,2023-01-17,11.90999984741211,250
UAA,2022-05-13,11.04,-26.9%,2023-01-27,12.199999809265137,259
UAA,2022-05-16,10.92,-20.25%,2023-01-27,12.199999809265137,256
UAL,2020-03-17,30.67,-26.02%,2020-03-25,36.599998474121094,8
UAL,2020-03-18,21.38,-34.13%,2020-03-20,24.5,2
UAL,2020-03-19,21.28,-36.75%,2020-03-20,24.5,1
UAL,2020-03-20,24.5,-41.38%,2020-03-24,33.0,4
UAL,2020-03-23,26.25,-42.58%,2020-03-24,33.0,1
UAL,2020-03-24,33.0,-34.91%,2020-03-25,36.599998474121094,1
UAL,2020-04-06,24.02,-24.16%,2020-04-08,27.510000228881836,2
UAL,2020-04-07,24.48,-27.74%,2020-04-08,27.510000228881836,1
UAL,2020-04-08,27.51,-21.46%,2020-04-09,31.5,1
UAL,2022-03-10,35.2,-20.77%,2022-03-16,41.189998626708984,6
UDR,2020-03-20,26.0,-20.64%,2020-03-26,29.0434627532959,6
UDR,2020-03-23,24.38,-20.56%,2020-03-26,29.0434627532959,3
UDR,2020-03-24,25.09,-21.27%,2020-03-26,29.0434627532959,2
UHS,2020-03-17,78.73,-22.91%,2020-03-26,89.52864074707031,9
UHS,2020-03-18,65.99,-27.23%,2020-03-19,82.704833984375,1
UHS,2020-03-19,82.7,-26.31%,2020-03-30,97.61000061035156,11
UHS,2020-03-20,73.52,-28.91%,2020-03-25,85.73654174804688,5
UHS,2020-03-23,70.03,-26.29%,2020-03-25,85.73654174804688,2
UHS,2020-03-24,76.19,-20.85%,2020-03-25,85.73654174804688,1
ULTA,2020-03-17,154.6,-25.0%,2020-03-24,177.58999633789062,7
ULTA,2020-03-18,128.52,-29.71%,2020-03-19,146.99000549316406,1
ULTA,2020-03-19,146.99,-30.61%,2020-03-24,177.58999633789062,5
ULTA,2020-03-20,148.06,-32.85%,2020-03-24,177.58999633789062,4
ULTA,2020-03-23,143.24,-29.78%,2020-03-24,177.58999633789062,1
ULTA,2020-03-24,177.59,-21.06%,2020-04-08,200.57000732421875,15
UNM,2020-03-12,10.98,-24.62%,2020-03-13,12.546883583068848,1
UNM,2020-03-13,12.55,-27.4%,2020-04-28,14.054681777954102,46
UNM,2020-03-16,10.07,-26.4%,2020-03-25,11.835003852844238,9
UNM,2020-03-17,10.87,-28.17%,2020-03-26,12.846199035644531,9
UNM,2020-03-18,9.55,-29.89%,2020-03-24,10.597302436828613,6
UNM,2020-03-19,8.75,-26.64%,2020-03-24,10.597302436828613,5
UNM,2020-03-20,8.54,-28.08%,2020-03-24,10.597302436828613,4
UNM,2020-03-23,8.4,-26.39%,2020-03-24,10.597302436828613,1
UNM,2020-03-24,10.6,-21.79%,2020-03-25,11.835003852844238,1
URI,2020-03-12,80.78,-21.94%,2020-03-25,90.44418334960938,13
URI,2020-03-13,88.33,-23.77%,2020-03-31,99.86808013916016,18
URI,2020-03-16,80.78,-21.68%,2020-03-25,90.44418334960938,9
URI,2020-03-17,79.03,-23.32%,2020-03-25,90.44418334960938,8
URI,2020-03-18,67.54,-24.58%,2020-03-19,75.42030334472656,1
URI,2020-03-19,75.42,-20.2%,2020-03-24,84.05805969238281,5
URI,2020-03-20,68.03,-20.46%,2020-03-24,84.05805969238281,4
URI,2020-03-23,68.8,-20.42%,2020-03-24,84.05805969238281,1
USB,2020-03-13,28.92,-20.81%,2020-06-05,33.42245101928711,84
VLO,2020-03-17,31.1,-25.62%,2020-03-26,36.344120025634766,9
VLO,2020-03-18,27.91,-29.7%,2020-03-20,30.812807083129883,2
VLO,2020-03-19,29.82,-27.59%,2020-03-26,36.344120025634766,7
VLO,2020-03-20,30.81,-28.22%,2020-03-26,36.344120025634766,6
VLO,2020-03-23,26.0,-27.01%,2020-03-25,31.58591651916504,2
VLO,2020-03-24,27.62,-22.09%,2020-03-25,31.58591651916504,1
VMC,2020-03-18,73.09,-21.9%,2020-03-19,86.08018493652344,1
VMC,2020-03-19,86.08,-21.77%,2020-03-26,97.52957916259766,7
VMC,2020-03-20,80.77,-23.73%,2020-03-25,91.34691619873047,5
VMC,2020-03-23,78.26,-22.81%,2020-03-25,91.34691619873047,2
VNO,2020-03-17,28.55,-21.5%,2020-04-08,32.71139907836914,22
VNO,2020-03-18,25.12,-25.36%,2020-03-25,27.919437408447266,7
VNO,2020-03-19,26.59,-26.21%,2020-03-26,29.931577682495117,7
VNO,2020-03-20,23.97,-29.91%,2020-03-24,27.394182205200195,4
VNO,2020-03-23,24.74,-26.87%,2020-03-24,27.394182205200195,1
VNO,2020-03-24,27.39,-22.15%,2020-03-27,30.46491241455078,3
VRTX,2020-10-21,211.38,-20.64%,2020-12-17,236.9199981689453,57
VTR,2020-03-12,21.85,-22.75%,2020-03-13,26.610567092895508,1
VTR,2020-03-13,26.61,-27.79%,2020-05-27,30.681177139282227,75
VTR,2020-03-16,19.0,-34.03%,2020-03-25,22.674468994140625,9
VTR,2020-03-17,16.78,-41.2%,2020-03-24,20.518796920776367,7
VTR,2020-03-18,13.55,-46.33%,2020-03-19,15.951969146728516,1
VTR,2020-03-19,15.95,-43.53%,2020-03-23,18.363121032714844,4
VTR,2020-03-20,17.26,-44.86%,2020-03-24,20.518796920776367,4
VTR,2020-03-23,18.36,-38.35%,2020-03-24,20.518796920776367,1
VTR,2020-03-24,20.52,-25.24%,2020-03-25,22.674468994140625,1
VTRS,2022-03-03,8.88,-21.38%,2022-05-17,9.786341667175293,75
VTRS,2022-03-04,8.7,-27.24%,2022-05-17,9.786341667175293,74
VTRS,2022-03-07,8.43,-25.08%,2022-03-23,9.282946586608887,16
VTRS,2022-03-08,8.49,-20.38%,2022-03-24,9.342672348022461,16
WAB,2020-03-20,39.43,-20.22%,2020-03-24,44.45889663696289,4
WAB,2020-03-23,39.8,-20.82%,2020-03-24,44.45889663696289,1
WBA,2024-07-02,10.97,-20.7%,2025-01-14,12.239999771118164,196
WBA,2024-07-03,10.52,-26.01%,2025-01-10,11.760000228881836,191
WBA,2024-07-05,10.67,-23.63%,2025-01-10,11.760000228881836,189
WBA,2024-07-08,10.26,-21.28%,2024-07-29,11.318004608154297,21
WBD,2025-04-09,9.26,-20.06%,2025-06-11,10.510000228881836,63
WDC,2020-03-13,31.11,-22.57%,2020-04-29,35.96813201904297,47
WDC,2020-03-16,24.75,-24.15%,2020-03-24,30.10284996032715,8
WDC,2020-03-17,25.33,-28.09%,2020-03-24,30.10284996032715,7
WDC,2020-03-18,21.71,-30.4%,2020-03-23,25.565481185913086,5
WDC,2020-03-19,23.31,-28.21%,2020-03-24,30.10284996032715,5
WDC,2020-03-20,23.1,-28.88%,2020-03-23,25.565481185913086,3
WDC,2020-03-23,25.57,-23.55%,2020-03-24,30.10284996032715,1
WDC,2025-04-09,36.19,-20.39%,2025-04-24,40.048667907714844,15
WELL,2020-03-12,38.9,-20.11%,2020-03-13,43.413978576660156,1
WELL,2020-03-13,43.41,-25.87%,2020-04-09,47.91792297363281,27
WELL,2020-03-16,32.82,-30.83%,2020-03-23,36.818904876708984,7
WELL,2020-03-17,32.7,-35.67%,2020-03-23,36.818904876708984,6
WELL,2020-03-18,28.12,-38.16%,2020-03-19,34.643131256103516,1
WELL,2020-03-19,34.64,-33.7%,2020-03-24,38.41051483154297,5
WELL,2020-03-20,35.91,-31.51%,2020-03-26,42.67742919921875,6
WELL,2020-03-23,36.82,-22.72%,2020-03-26,42.67742919921875,3
WFC,2020-03-13,26.89,-21.08%,2020-06-08,29.593826293945312,87
WFC,2020-03-16,23.07,-20.17%,2020-03-17,25.792415618896484,1
WFC,2020-03-17,25.79,-20.76%,2020-04-09,28.900047302246094,23
WHR,2020-03-20,57.33,-21.9%,2020-03-24,64.07941436767578,4
WHR,2020-03-23,49.46,-24.36%,2020-03-24,64.07941436767578,1
WHR,2020-03-24,64.08,-24.18%,2020-04-06,71.22587585449219,13
WHR,2020-03-25,63.45,-22.22%,2020-04-06,71.22587585449219,12
WMB,2020-03-18,6.88,-21.25%,2020-03-19,8.052926063537598,1
WMB,2020-03-20,8.58,-23.93%,2020-03-24,9.61587905883789,4
WMB,2020-03-23,8.3,-25.93%,2020-03-24,9.61587905883789,1
WMB,2020-03-24,9.62,-20.86%,2020-03-26,10.605749130249023,2
WST,2025-02-18,210.62,-22.67%,2025-02-28,231.91871643066406,10
WST,2025-02-19,202.12,-29.61%,2025-02-28,231.91871643066406,9
WST,2025-02-20,203.28,-36.38%,2025-02-28,231.91871643066406,8
WST,2025-02-21,210.53,-29.99%,2025-02-28,231.91871643066406,7
WST,2025-02-24,220.67,-24.12%,2025-07-24,278.8682861328125,150
WY,2020-03-16,13.91,-20.85%,2020-03-17,15.54659366607666,1
WY,2020-03-17,15.55,-23.86%,2020-04-09,17.23661994934082,23
WY,2020-03-18,13.33,-25.46%,2020-03-26,14.996926307678223,8
WY,2020-03-19,13.24,-22.3%,2020-03-26,14.996926307678223,7
WY,2020-03-20,12.11,-25.46%,2020-03-24,13.84836483001709,4
WY,2020-03-23,11.05,-23.8%,2020-03-24,13.84836483001709,1
WY,2020-03-24,13.85,-21.67%,2020-04-08,15.964999198913574,15
WYNN,2020-03-12,66.25,-20.13%,2020-03-25,73.10884857177734,13
WYNN,2020-03-13,70.63,-22.18%,2020-04-27,80.61843872070312,45
WYNN,2020-03-16,53.38,-23.61%,2020-03-24,64.8298110961914,8
WYNN,2020-03-17,52.97,-29.27%,2020-03-24,64.8298110961914,7
WYNN,2020-03-18,41.9,-33.86%,2020-03-20,50.61907196044922,2
WYNN,2020-03-19,45.37,-34.63%,2020-03-20,50.61907196044922,1
WYNN,2020-03-20,50.62,-36.28%,2020-03-23,56.07350158691406,3
WYNN,2020-03-23,56.07,-30.8%,2020-03-24,64.8298110961914,1
XOM,2020-03-13,29.52,-20.69%,2020-04-08,33.959442138671875,26
XOM,2020-03-18,25.65,-20.14%,2020-03-25,28.87908172607422,7
XRX,2020-03-16,14.08,-20.3%,2020-11-09,15.855101585388184,238
XRX,2020-03-17,13.9,-24.55%,2020-11-09,15.855101585388184,237
XRX,2020-03-18,11.29,-29.61%,2020-03-25,13.15230655670166,7
XRX,2020-03-19,12.33,-30.32%,2020-03-26,13.8939790725708,7
XRX,2020-03-20,11.62,-32.14%,2020-03-25,13.15230655670166,5
XRX,2020-03-23,11.38,-31.09%,2020-03-25,13.15230655670166,2
XRX,2020-03-24,12.38,-27.57%,2020-03-26,13.8939790725708,2
YUM,2020-03-20,52.39,-22.45%,2020-03-24,62.839237213134766,4
YUM,2020-03-23,50.99,-23.1%,2020-03-24,62.839237213134766,1
ZBH,2020-03-17,79.88,-21.22%,2020-03-25,89.76677703857422,8
ZBH,2020-03-18,74.75,-22.8%,2020-03-19,82.63772583007812,1
ZBH,2020-03-19,82.64,-21.37%,2020-03-26,93.7258529663086,7
ZION,2020-03-13,24.29,-20.95%,2020-05-26,27.495697021484375,74
ZION,2023-03-14,28.28,-22.0%,2023-07-19,31.6678409576416,127
ZION,2023-03-15,27.73,-27.45%,2023-07-19,31.6678409576416,126
ZION,2023-03-16,29.0,-29.26%,2023-07-20,34.82911682128906,126
ZION,2023-03-17,27.04,-31.11%,2023-07-18,29.802330017089844,123
ZION,2023-03-20,27.26,-24.68%,2023-07-19,31.6678409576416,121
